0001,66d871bdf2daf46b31447548
0002,66d871bdf2daf46b3144754b
0003,66d871bdf2daf46b3144754c
0006,66d871bdf2daf46b31447557
0004,66d871bdf2daf46b3144754f
0007,66d871bdf2daf46b31447551
0005,66d871bdf2daf46b3144755c
0012,66d871bef2daf46b3144757a
0008,66d871bef2daf46b3144757d
0009,66d871bef2daf46b31447581
0011,66d871bef2daf46b31447579
0010,66d871bef2daf46b3144757f
0015,66d871bef2daf46b3144759f
0014,66d871bef2daf46b3144759c
0013,66d871bef2daf46b3144759d
0016,66d871bef2daf46b3144759e
0017,66d871bef2daf46b314475a0
0021,66d871bef2daf46b314475bf
0019,66d871bef2daf46b314475c2
0022,66d871bef2daf46b314475c1
0020,66d871bef2daf46b314475c4
0018,66d871bef2daf46b314475c0
0023,66d871bef2daf46b314475e3
0024,66d871bef2daf46b314475e2
0025,66d871bef2daf46b314475e4
0026,66d871bef2daf46b314475e6
0027,66d871bef2daf46b314475e5
0028,66d871bff2daf46b31447608
0030,66d871bff2daf46b31447609
0029,66d871bff2daf46b31447607
0031,66d871bff2daf46b31447606
0032,66d871bff2daf46b31447605
0035,66d871bff2daf46b31447629
0034,66d871bff2daf46b3144762a
0037,66d871bff2daf46b3144762c
0033,66d871bff2daf46b3144762b
0036,66d871bff2daf46b31447628
0039,66d871bff2daf46b3144764c
0040,66d871bff2daf46b3144764b
0042,66d871bff2daf46b3144764e
0038,66d871bff2daf46b3144764d
0041,66d871bff2daf46b31447651
0046,66d871c0f2daf46b3144766e
0043,66d871c0f2daf46b3144766f
0044,66d871c0f2daf46b31447670
0045,66d871c0f2daf46b31447672
0047,66d871c0f2daf46b31447671
0050,66d871c0f2daf46b31447693
0048,66d871c0f2daf46b31447692
0049,66d871c0f2daf46b31447691
0051,66d871c0f2daf46b31447694
0052,66d871c0f2daf46b31447695
0055,66d871c0f2daf46b314476b7
0054,66d871c0f2daf46b314476b5
0057,66d871c0f2daf46b314476b8
0056,66d871c0f2daf46b314476b6
0053,66d871c0f2daf46b314476b4
0059,66d871c0f2daf46b314476da
0060,66d871c0f2daf46b314476d9
0058,66d871c0f2daf46b314476d7
0062,66d871c0f2daf46b314476db
0061,66d871c0f2daf46b314476d8
0063,66d871c0f2daf46b314476fc
0064,66d871c0f2daf46b314476fd
0066,66d871c0f2daf46b314476fa
0067,66d871c0f2daf46b314476fe
0065,66d871c0f2daf46b314476fb
0068,66d871c1f2daf46b3144771f
0071,66d871c1f2daf46b31447720
0069,66d871c1f2daf46b3144771d
0070,66d871c1f2daf46b3144771e
0072,66d871c1f2daf46b31447721
0073,66d871c1f2daf46b31447741
0074,66d871c1f2daf46b31447748
0077,66d871c1f2daf46b31447746
0076,66d871c1f2daf46b31447740
0075,66d871c1f2daf46b31447743
0078,66d871c1f2daf46b31447765
0082,66d871c1f2daf46b31447766
0079,66d871c1f2daf46b31447763
0080,66d871c1f2daf46b31447764
0081,66d871c1f2daf46b31447767
0083,66d871c2f2daf46b31447786
0085,66d871c2f2daf46b31447788
0086,66d871c2f2daf46b31447787
0087,66d871c2f2daf46b31447789
0084,66d871c2f2daf46b3144778a
0089,66d871c2f2daf46b314477ad
0092,66d871c2f2daf46b314477ac
0088,66d871c2f2daf46b314477a9
0091,66d871c2f2daf46b314477ab
0090,66d871c2f2daf46b314477aa
0093,66d871c2f2daf46b314477cc
0097,66d871c2f2daf46b314477d0
0096,66d871c2f2daf46b314477cd
0095,66d871c2f2daf46b314477cf
0094,66d871c2f2daf46b314477ce
0099,66d871c2f2daf46b314477f0
0101,66d871c2f2daf46b314477ef
0098,66d871c2f2daf46b314477f2
0100,66d871c2f2daf46b314477f3
0102,66d871c2f2daf46b314477f1
0106,66d871c3f2daf46b31447812
0104,66d871c3f2daf46b31447814
0105,66d871c3f2daf46b31447813
0107,66d871c3f2daf46b31447817
0103,66d871c3f2daf46b31447816
0111,66d871c3f2daf46b31447837
0109,66d871c3f2daf46b31447839
0110,66d871c3f2daf46b31447836
0112,66d871c3f2daf46b3144783d
0113,66d871c3f2daf46b31447858
0115,66d871c3f2daf46b3144785d
0108,66d871c3f2daf46b31447835
0117,66d871c3f2daf46b31447859
0114,66d871c3f2daf46b3144785b
0116,66d871c3f2daf46b3144785a
0121,66d871c3f2daf46b3144787d
0120,66d871c3f2daf46b3144787c
0119,66d871c3f2daf46b3144787e
0118,66d871c3f2daf46b3144787b
0122,66d871c3f2daf46b3144787f
0124,66d871c4f2daf46b3144789e
0125,66d871c4f2daf46b314478a0
0126,66d871c4f2daf46b3144789f
0123,66d871c4f2daf46b314478a1
0127,66d871c4f2daf46b314478a2
0131,66d871c4f2daf46b314478c4
0132,66d871c4f2daf46b314478c5
0129,66d871c4f2daf46b314478c3
0130,66d871c4f2daf46b314478c2
0128,66d871c4f2daf46b314478c1
0137,66d871c4f2daf46b314478e5
0136,66d871c4f2daf46b314478e6
0134,66d871c4f2daf46b314478e8
0135,66d871c4f2daf46b314478e7
0133,66d871c4f2daf46b314478e4
0139,66d871c5f2daf46b31447907
0142,66d871c5f2daf46b3144790a
0138,66d871c5f2daf46b31447909
0140,66d871c5f2daf46b3144790b
0141,66d871c5f2daf46b31447908
0145,66d871c5f2daf46b3144792b
0147,66d871c5f2daf46b3144792e
0143,66d871c5f2daf46b3144792d
0146,66d871c5f2daf46b3144792a
0144,66d871c5f2daf46b3144792c
0151,66d871c5f2daf46b3144794d
0152,66d871c5f2daf46b31447951
0148,66d871c5f2daf46b31447950
0149,66d871c5f2daf46b3144794e
0150,66d871c5f2daf46b3144794f
0153,66d871c5f2daf46b31447971
0156,66d871c5f2daf46b31447970
0155,66d871c5f2daf46b31447973
0157,66d871c5f2daf46b31447974
0154,66d871c5f2daf46b31447972
0159,66d871c6f2daf46b31447997
0162,66d871c6f2daf46b31447995
0158,66d871c6f2daf46b31447993
0161,66d871c6f2daf46b31447994
0160,66d871c6f2daf46b31447996
0163,66d871c6f2daf46b314479b6
0164,66d871c6f2daf46b314479b7
0165,66d871c6f2daf46b314479bb
0166,66d871c6f2daf46b314479b9
0167,66d871c6f2daf46b314479b8
0170,66d871c6f2daf46b314479d9
0172,66d871c6f2daf46b314479dc
0171,66d871c6f2daf46b314479db
0169,66d871c6f2daf46b314479da
0168,66d871c6f2daf46b314479dd
0176,66d871c6f2daf46b314479fe
0173,66d871c6f2daf46b314479ff
0175,66d871c6f2daf46b314479fd
0177,66d871c6f2daf46b31447a00
0174,66d871c6f2daf46b314479fc
0180,66d871c7f2daf46b31447a1f
0179,66d871c7f2daf46b31447a22
0178,66d871c7f2daf46b31447a21
0182,66d871c7f2daf46b31447a23
0181,66d871c7f2daf46b31447a20
0184,66d871c7f2daf46b31447a43
0183,66d871c7f2daf46b31447a44
0186,66d871c7f2daf46b31447a42
0185,66d871c7f2daf46b31447a46
0187,66d871c7f2daf46b31447a45
0189,66d871c7f2daf46b31447a65
0190,66d871c7f2daf46b31447a69
0192,66d871c7f2daf46b31447a67
0188,66d871c7f2daf46b31447a68
0191,66d871c7f2daf46b31447a66
0195,66d871c7f2daf46b31447a8b
0194,66d871c7f2daf46b31447a88
0196,66d871c7f2daf46b31447a8c
0193,66d871c7f2daf46b31447a89
0197,66d871c7f2daf46b31447a8d
0198,66d871c8f2daf46b31447aab
0201,66d871c8f2daf46b31447aae
0202,66d871c8f2daf46b31447aad
0199,66d871c8f2daf46b31447aac
0200,66d871c8f2daf46b31447aaf
0203,66d871c8f2daf46b31447ad2
0204,66d871c8f2daf46b31447ace
0205,66d871c8f2daf46b31447acf
0207,66d871c8f2daf46b31447ad3
0206,66d871c8f2daf46b31447ad1
0208,66d871c8f2daf46b31447af5
0209,66d871c8f2daf46b31447af4
0210,66d871c8f2daf46b31447af2
0211,66d871c8f2daf46b31447af1
0212,66d871c8f2daf46b31447af3
0217,66d871c8f2daf46b31447b16
0213,66d871c8f2daf46b31447b18
0215,66d871c8f2daf46b31447b15
0214,66d871c8f2daf46b31447b14
0216,66d871c8f2daf46b31447b17
0220,66d871c9f2daf46b31447b3b
0221,66d871c9f2daf46b31447b37
0219,66d871c9f2daf46b31447b39
0222,66d871c9f2daf46b31447b3c
0218,66d871c9f2daf46b31447b38
0224,66d871c9f2daf46b31447b5f
0226,66d871c9f2daf46b31447b5d
0227,66d871c9f2daf46b31447b5e
0225,66d871c9f2daf46b31447b5b
0223,66d871c9f2daf46b31447b5a
0228,66d871c9f2daf46b31447b80
0230,66d871c9f2daf46b31447b7d
0232,66d871c9f2daf46b31447b81
0231,66d871c9f2daf46b31447b7e
0229,66d871c9f2daf46b31447b7f
0237,66d871c9f2daf46b31447ba2
0233,66d871c9f2daf46b31447ba1
0236,66d871c9f2daf46b31447ba6
0235,66d871c9f2daf46b31447ba0
0234,66d871c9f2daf46b31447ba3
0240,66d871caf2daf46b31447bc5
0241,66d871caf2daf46b31447bc4
0238,66d871caf2daf46b31447bc8
0239,66d871caf2daf46b31447bc3
0242,66d871caf2daf46b31447bc6
0243,66d871caf2daf46b31447be6
0247,66d871caf2daf46b31447bed
0246,66d871caf2daf46b31447be9
0245,66d871caf2daf46b31447bea
0244,66d871caf2daf46b31447be8
0250,66d871caf2daf46b31447c0d
0248,66d871caf2daf46b31447c09
0249,66d871caf2daf46b31447c0a
0251,66d871caf2daf46b31447c0b
0252,66d871caf2daf46b31447c12
0254,66d871caf2daf46b31447c2c
0257,66d871caf2daf46b31447c2f
0256,66d871caf2daf46b31447c2e
0253,66d871caf2daf46b31447c31
0255,66d871caf2daf46b31447c2d
0259,66d871cbf2daf46b31447c4f
0258,66d871cbf2daf46b31447c55
0261,66d871cbf2daf46b31447c51
0262,66d871cbf2daf46b31447c52
0260,66d871cbf2daf46b31447c50
0264,66d871cbf2daf46b31447c73
0266,66d871cbf2daf46b31447c75
0267,66d871cbf2daf46b31447c77
0263,66d871cbf2daf46b31447c74
0265,66d871cbf2daf46b31447c72
0271,66d871cbf2daf46b31447c96
0268,66d871cbf2daf46b31447c95
0272,66d871cbf2daf46b31447c98
0269,66d871cbf2daf46b31447c99
0270,66d871cbf2daf46b31447c97
0277,66d871ccf2daf46b31447cb9
0275,66d871ccf2daf46b31447cba
0276,66d871ccf2daf46b31447cb8
0274,66d871ccf2daf46b31447cbb
0273,66d871ccf2daf46b31447cbd
0279,66d871ccf2daf46b31447cdd
0280,66d871ccf2daf46b31447cdc
0281,66d871ccf2daf46b31447ce2
0278,66d871ccf2daf46b31447cdb
0283,66d871ccf2daf46b31447cfe
0284,66d871ccf2daf46b31447d01
0285,66d871ccf2daf46b31447d03
0287,66d871ccf2daf46b31447d00
0286,66d871ccf2daf46b31447cff
0282,66d871ccf2daf46b31447cdf
0289,66d871ccf2daf46b31447d24
0290,66d871ccf2daf46b31447d25
0291,66d871ccf2daf46b31447d23
0288,66d871ccf2daf46b31447d21
0292,66d871ccf2daf46b31447d22
0293,66d871cdf2daf46b31447d44
0295,66d871cdf2daf46b31447d47
0294,66d871cdf2daf46b31447d46
0296,66d871cdf2daf46b31447d45
0297,66d871cdf2daf46b31447d48
0302,66d871cdf2daf46b31447d6a
0301,66d871cdf2daf46b31447d6b
0300,66d871cdf2daf46b31447d69
0299,66d871cdf2daf46b31447d67
0298,66d871cdf2daf46b31447d68
0305,66d871cdf2daf46b31447d8a
0304,66d871cdf2daf46b31447d8e
0306,66d871cdf2daf46b31447d8b
0303,66d871cdf2daf46b31447d8d
0307,66d871cdf2daf46b31447d8c
0311,66d871cdf2daf46b31447dae
0312,66d871cdf2daf46b31447db0
0309,66d871cdf2daf46b31447dad
0308,66d871cdf2daf46b31447daf
0310,66d871cdf2daf46b31447db1
0316,66d871cef2daf46b31447dd4
0314,66d871cef2daf46b31447dd0
0315,66d871cef2daf46b31447dd2
0313,66d871cef2daf46b31447dd3
0317,66d871cef2daf46b31447dd1
0319,66d871cef2daf46b31447df3
0318,66d871cef2daf46b31447df9
0321,66d871cef2daf46b31447df4
0320,66d871cef2daf46b31447df8
0322,66d871cef2daf46b31447df5
0323,66d871cef2daf46b31447e19
0326,66d871cef2daf46b31447e16
0327,66d871cef2daf46b31447e17
0324,66d871cef2daf46b31447e1a
0325,66d871cef2daf46b31447e18
0328,66d871cff2daf46b31447e3a
0329,66d871cff2daf46b31447e3e
0330,66d871cff2daf46b31447e39
0332,66d871cff2daf46b31447e3c
0331,66d871cff2daf46b31447e3b
0336,66d871cff2daf46b31447e5c
0335,66d871cff2daf46b31447e5d
0334,66d871cff2daf46b31447e60
0333,66d871cff2daf46b31447e5e
0337,66d871cff2daf46b31447e5f
0342,66d871cff2daf46b31447e82
0340,66d871cff2daf46b31447e7f
0341,66d871cff2daf46b31447e80
0339,66d871cff2daf46b31447e81
0338,66d871cff2daf46b31447e83
0343,66d871cff2daf46b31447ea2
0346,66d871cff2daf46b31447ea5
0344,66d871cff2daf46b31447ea4
0347,66d871cff2daf46b31447ea3
0345,66d871cff2daf46b31447ea6
0352,66d871d0f2daf46b31447ec8
0349,66d871d0f2daf46b31447ec9
0348,66d871d0f2daf46b31447ec5
0351,66d871d0f2daf46b31447ec6
0350,66d871d0f2daf46b31447ec7
0353,66d871d0f2daf46b31447eea
0354,66d871d0f2daf46b31447ee9
0356,66d871d0f2daf46b31447eeb
0355,66d871d0f2daf46b31447ee8
0357,66d871d0f2daf46b31447eec
0362,66d871d0f2daf46b31447f0f
0361,66d871d0f2daf46b31447f0c
0360,66d871d0f2daf46b31447f0e
0359,66d871d0f2daf46b31447f0b
0358,66d871d0f2daf46b31447f0d
0365,66d871d0f2daf46b31447f2f
0363,66d871d0f2daf46b31447f2e
0366,66d871d0f2daf46b31447f30
0364,66d871d0f2daf46b31447f33
0367,66d871d0f2daf46b31447f31
0371,66d871d1f2daf46b31447f54
0368,66d871d1f2daf46b31447f51
0370,66d871d1f2daf46b31447f52
0369,66d871d1f2daf46b31447f53
0372,66d871d1f2daf46b31447f55
0374,66d871d1f2daf46b31447f74
0373,66d871d1f2daf46b31447f75
0375,66d871d1f2daf46b31447f76
0377,66d871d1f2daf46b31447f77
0376,66d871d1f2daf46b31447f78
0380,66d871d1f2daf46b31447f99
0379,66d871d1f2daf46b31447f9e
0378,66d871d1f2daf46b31447f97
0382,66d871d1f2daf46b31447f9a
0381,66d871d1f2daf46b31447f98
0384,66d871d1f2daf46b31447fba
0383,66d871d1f2daf46b31447fbc
0386,66d871d1f2daf46b31447fbf
0387,66d871d1f2daf46b31447fc0
0385,66d871d1f2daf46b31447fbd
0388,66d871d2f2daf46b31447fde
0389,66d871d2f2daf46b31447fdf
0392,66d871d2f2daf46b31447fe1
0391,66d871d2f2daf46b31447fdd
0390,66d871d2f2daf46b31447fe0
0395,66d871d2f2daf46b31448003
0394,66d871d2f2daf46b31448000
0397,66d871d2f2daf46b31448004
0393,66d871d2f2daf46b31448001
0396,66d871d2f2daf46b31448002
0402,66d871d2f2daf46b31448027
0399,66d871d2f2daf46b31448023
0401,66d871d2f2daf46b3144802c
0400,66d871d2f2daf46b3144802b
0398,66d871d2f2daf46b31448025
0403,66d871d3f2daf46b31448049
0407,66d871d3f2daf46b3144804b
0405,66d871d3f2daf46b31448048
0406,66d871d3f2daf46b31448047
0404,66d871d3f2daf46b31448046
0409,66d871d3f2daf46b31448069
0408,66d871d3f2daf46b3144806b
0412,66d871d3f2daf46b3144806e
0410,66d871d3f2daf46b3144806d
0411,66d871d3f2daf46b3144806c
0417,66d871d3f2daf46b3144808f
0415,66d871d3f2daf46b3144808d
0414,66d871d3f2daf46b31448093
0416,66d871d3f2daf46b3144808e
0413,66d871d3f2daf46b3144808c
0418,66d871d3f2daf46b314480af
0422,66d871d3f2daf46b314480b1
0421,66d871d3f2daf46b314480b0
0419,66d871d3f2daf46b314480b5
0420,66d871d3f2daf46b314480b6
0424,66d871d4f2daf46b314480d3
0426,66d871d4f2daf46b314480d4
0427,66d871d4f2daf46b314480d5
0423,66d871d4f2daf46b314480d2
0425,66d871d4f2daf46b314480d6
0431,66d871d4f2daf46b314480f7
0428,66d871d4f2daf46b314480f9
0432,66d871d4f2daf46b314480f6
0430,66d871d4f2daf46b314480f8
0429,66d871d4f2daf46b314480f5
0436,66d871d4f2daf46b3144811b
0433,66d871d4f2daf46b31448119
0434,66d871d4f2daf46b3144811a
0437,66d871d4f2daf46b31448118
0435,66d871d4f2daf46b3144811c
0440,66d871d5f2daf46b3144813d
0442,66d871d5f2daf46b3144813c
0441,66d871d5f2daf46b31448140
0439,66d871d5f2daf46b3144813f
0438,66d871d5f2daf46b3144813b
0444,66d871d5f2daf46b3144815f
0445,66d871d5f2daf46b31448160
0447,66d871d5f2daf46b31448162
0443,66d871d5f2daf46b3144815e
0446,66d871d5f2daf46b31448161
0451,66d871d5f2daf46b31448184
0450,66d871d5f2daf46b31448183
0449,66d871d5f2daf46b31448185
0448,66d871d5f2daf46b31448181
0452,66d871d5f2daf46b31448182
0454,66d871d5f2daf46b314481a7
0453,66d871d5f2daf46b314481a4
0456,66d871d5f2daf46b314481a6
0457,66d871d5f2daf46b314481a8
0455,66d871d5f2daf46b314481a5
0458,66d871d6f2daf46b314481c9
0462,66d871d6f2daf46b314481c8
0461,66d871d6f2daf46b314481ca
0460,66d871d6f2daf46b314481c7
0459,66d871d6f2daf46b314481cb
0463,66d871d6f2daf46b314481ee
0467,66d871d6f2daf46b314481ed
0466,66d871d6f2daf46b314481eb
0464,66d871d6f2daf46b314481ea
0465,66d871d6f2daf46b314481ec
0472,66d871d6f2daf46b3144820f
0468,66d871d6f2daf46b3144820d
0471,66d871d6f2daf46b3144820e
0470,66d871d6f2daf46b31448211
0469,66d871d6f2daf46b31448210
0477,66d871d6f2daf46b31448232
0474,66d871d6f2daf46b31448231
0473,66d871d6f2daf46b31448230
0476,66d871d6f2daf46b31448233
0475,66d871d6f2daf46b31448234
0481,66d871d7f2daf46b31448256
0478,66d871d7f2daf46b31448255
0480,66d871d7f2daf46b31448253
0482,66d871d7f2daf46b31448254
0479,66d871d7f2daf46b31448257
0483,66d871d7f2daf46b31448276
0487,66d871d7f2daf46b3144827a
0486,66d871d7f2daf46b31448278
0484,66d871d7f2daf46b31448277
0485,66d871d7f2daf46b31448279
0488,66d871d7f2daf46b31448299
0491,66d871d7f2daf46b3144829b
0490,66d871d7f2daf46b3144829a
0492,66d871d7f2daf46b3144829d
0489,66d871d7f2daf46b314482a0
0493,66d871d7f2daf46b314482be
0497,66d871d7f2daf46b314482bc
0496,66d871d7f2daf46b314482c1
0494,66d871d7f2daf46b314482bd
0495,66d871d7f2daf46b314482c0
0499,66d871d8f2daf46b314482e0
0500,66d871d8f2daf46b314482e4
0502,66d871d8f2daf46b314482e1
0498,66d871d8f2daf46b314482df
0501,66d871d8f2daf46b314482e5
0504,66d871d8f2daf46b31448303
0505,66d871d8f2daf46b31448304
0506,66d871d8f2daf46b31448306
0507,66d871d8f2daf46b31448305
0503,66d871d8f2daf46b31448302
0512,66d871d8f2daf46b31448327
0510,66d871d8f2daf46b3144832b
0509,66d871d8f2daf46b31448325
0508,66d871d8f2daf46b31448328
0511,66d871d8f2daf46b31448326
0513,66d871d8f2daf46b31448349
0515,66d871d8f2daf46b3144834d
0517,66d871d8f2daf46b3144834b
0516,66d871d8f2daf46b31448348
0514,66d871d8f2daf46b3144834a
0520,66d871d9f2daf46b3144836e
0521,66d871d9f2daf46b3144836c
0522,66d871d9f2daf46b31448371
0518,66d871d9f2daf46b3144836b
0519,66d871d9f2daf46b3144836d
0523,66d871d9f2daf46b3144838f
0525,66d871d9f2daf46b31448390
0526,66d871d9f2daf46b3144838e
0527,66d871d9f2daf46b31448392
0524,66d871d9f2daf46b31448391
0528,66d871d9f2daf46b314483b4
0532,66d871d9f2daf46b314483b5
0531,66d871d9f2daf46b314483b3
0530,66d871d9f2daf46b314483b1
0529,66d871d9f2daf46b314483b2
0536,66d871daf2daf46b314483d7
0533,66d871daf2daf46b314483d6
0537,66d871daf2daf46b314483d4
0534,66d871daf2daf46b314483d9
0535,66d871daf2daf46b314483d5
0542,66d871daf2daf46b314483fa
0538,66d871daf2daf46b314483f8
0540,66d871daf2daf46b314483f7
0541,66d871daf2daf46b314483fd
0539,66d871daf2daf46b314483f9
0544,66d871daf2daf46b3144841b
0546,66d871daf2daf46b3144841a
0543,66d871daf2daf46b31448420
0545,66d871daf2daf46b3144841d
0547,66d871daf2daf46b3144841c
0549,66d871daf2daf46b3144843f
0550,66d871daf2daf46b3144843e
0552,66d871daf2daf46b31448441
0551,66d871daf2daf46b31448440
0548,66d871daf2daf46b3144843d
0556,66d871dbf2daf46b31448461
0553,66d871dbf2daf46b31448462
0557,66d871dbf2daf46b31448460
0555,66d871dbf2daf46b31448464
0554,66d871dbf2daf46b31448463
0561,66d871dbf2daf46b31448483
0562,66d871dbf2daf46b31448488
0558,66d871dbf2daf46b31448485
0559,66d871dbf2daf46b31448486
0560,66d871dbf2daf46b31448484
0563,66d871dbf2daf46b314484a8
0565,66d871dbf2daf46b314484a6
0567,66d871dbf2daf46b314484a7
0564,66d871dbf2daf46b314484aa
0566,66d871dbf2daf46b314484a9
0569,66d871dbf2daf46b314484c9
0572,66d871dbf2daf46b314484cc
0568,66d871dbf2daf46b314484cb
0570,66d871dbf2daf46b314484ce
0571,66d871dbf2daf46b314484ca
0575,66d871dcf2daf46b314484ec
0577,66d871dcf2daf46b314484ed
0576,66d871dcf2daf46b314484ef
0574,66d871dcf2daf46b314484f0
0573,66d871dcf2daf46b314484ee
0582,66d871dcf2daf46b31448511
0580,66d871dcf2daf46b31448512
0579,66d871dcf2daf46b3144850f
0578,66d871dcf2daf46b31448510
0581,66d871dcf2daf46b31448513
0586,66d871dcf2daf46b31448536
0583,66d871dcf2daf46b31448532
0587,66d871dcf2daf46b31448535
0584,66d871dcf2daf46b31448534
0585,66d871dcf2daf46b31448533
0590,66d871dcf2daf46b31448559
0592,66d871dcf2daf46b3144855b
0591,66d871dcf2daf46b31448558
0589,66d871dcf2daf46b31448555
0588,66d871dcf2daf46b31448556
0594,66d871ddf2daf46b31448578
0595,66d871ddf2daf46b3144857a
0597,66d871ddf2daf46b31448579
0596,66d871ddf2daf46b3144857b
0593,66d871ddf2daf46b3144857f
0602,66d871ddf2daf46b3144859b
0601,66d871ddf2daf46b3144859f
0599,66d871ddf2daf46b3144859e
0600,66d871ddf2daf46b3144859c
0598,66d871ddf2daf46b3144859d
0607,66d871ddf2daf46b314485c1
0606,66d871ddf2daf46b314485bf
0604,66d871ddf2daf46b314485be
0605,66d871ddf2daf46b314485c2
0603,66d871ddf2daf46b314485c0
0611,66d871ddf2daf46b314485e4
0612,66d871ddf2daf46b314485e6
0610,66d871ddf2daf46b314485e1
0609,66d871ddf2daf46b314485e2
0608,66d871ddf2daf46b314485e5
0616,66d871def2daf46b31448606
0613,66d871def2daf46b31448605
0617,66d871def2daf46b31448607
0614,66d871def2daf46b31448604
0615,66d871def2daf46b31448609
0621,66d871def2daf46b31448629
0619,66d871def2daf46b31448628
0622,66d871def2daf46b3144862c
0620,66d871def2daf46b3144862a
0618,66d871def2daf46b31448627
0626,66d871def2daf46b3144864e
0625,66d871def2daf46b3144864a
0627,66d871def2daf46b3144864b
0623,66d871def2daf46b3144864c
0624,66d871def2daf46b3144864d
0631,66d871def2daf46b31448670
0629,66d871def2daf46b31448675
0632,66d871def2daf46b31448674
0630,66d871def2daf46b3144866f
0628,66d871def2daf46b3144866d
0633,66d871dff2daf46b31448692
0637,66d871dff2daf46b31448694
0634,66d871dff2daf46b31448691
0636,66d871dff2daf46b31448690
0635,66d871dff2daf46b31448693
0641,66d871dff2daf46b314486b7
0640,66d871dff2daf46b314486b6
0642,66d871dff2daf46b314486b5
0638,66d871dff2daf46b314486b4
0639,66d871dff2daf46b314486b3
0646,66d871dff2daf46b314486db
0644,66d871dff2daf46b314486d9
0645,66d871dff2daf46b314486d7
0647,66d871dff2daf46b314486d8
0643,66d871dff2daf46b314486d6
0648,66d871e0f2daf46b314486fb
0649,66d871e0f2daf46b314486fa
0650,66d871e0f2daf46b314486fd
0652,66d871e0f2daf46b314486fc
0651,66d871e0f2daf46b314486f9
0654,66d871e0f2daf46b3144871e
0656,66d871e0f2daf46b31448720
0655,66d871e0f2daf46b3144871d
0653,66d871e0f2daf46b3144871f
0657,66d871e0f2daf46b3144871c
0660,66d871e0f2daf46b31448742
0661,66d871e0f2daf46b31448741
0659,66d871e0f2daf46b3144873f
0658,66d871e0f2daf46b31448740
0662,66d871e0f2daf46b31448743
0666,66d871e0f2daf46b31448764
0667,66d871e0f2daf46b31448765
0664,66d871e0f2daf46b31448766
0663,66d871e0f2daf46b31448763
0665,66d871e0f2daf46b31448762
0672,66d871e1f2daf46b31448789
0670,66d871e1f2daf46b31448787
0671,66d871e1f2daf46b31448788
0669,66d871e1f2daf46b31448786
0668,66d871e1f2daf46b31448785
0674,66d871e1f2daf46b314487a8
0676,66d871e1f2daf46b314487ac
0673,66d871e1f2daf46b314487ab
0675,66d871e1f2daf46b314487a9
0677,66d871e1f2daf46b314487ad
0681,66d871e1f2daf46b314487cb
0680,66d871e1f2daf46b314487cf
0679,66d871e1f2daf46b314487ce
0678,66d871e1f2daf46b314487cd
0682,66d871e1f2daf46b314487cc
0684,66d871e1f2daf46b314487f1
0685,66d871e1f2daf46b314487ef
0687,66d871e1f2daf46b314487f2
0686,66d871e1f2daf46b314487ee
0683,66d871e1f2daf46b314487f0
0689,66d871e2f2daf46b31448811
0688,66d871e2f2daf46b31448812
0690,66d871e2f2daf46b31448814
0691,66d871e2f2daf46b31448813
0692,66d871e2f2daf46b31448815
0695,66d871e2f2daf46b31448837
0696,66d871e2f2daf46b31448836
0694,66d871e2f2daf46b31448838
0697,66d871e2f2daf46b31448834
0693,66d871e2f2daf46b31448835
0701,66d871e2f2daf46b31448857
0702,66d871e2f2daf46b31448858
0699,66d871e2f2daf46b31448859
0698,66d871e2f2daf46b3144885a
0700,66d871e2f2daf46b3144885b
0704,66d871e3f2daf46b3144887a
0706,66d871e3f2daf46b3144887b
0707,66d871e3f2daf46b3144887d
0703,66d871e3f2daf46b3144887f
0705,66d871e3f2daf46b3144887c
0712,66d871e3f2daf46b3144889d
0711,66d871e3f2daf46b3144889e
0709,66d871e3f2daf46b3144889f
0708,66d871e3f2daf46b314488a0
0710,66d871e3f2daf46b314488a1
0715,66d871e3f2daf46b314488c1
0714,66d871e3f2daf46b314488c3
0717,66d871e3f2daf46b314488c4
0713,66d871e3f2daf46b314488c0
0716,66d871e3f2daf46b314488c2
0721,66d871e3f2daf46b314488e6
0720,66d871e3f2daf46b314488e3
0718,66d871e3f2daf46b314488e5
0722,66d871e3f2daf46b314488e7
0726,66d871e4f2daf46b31448907
0719,66d871e3f2daf46b314488e4
0724,66d871e4f2daf46b31448906
0725,66d871e4f2daf46b31448909
0727,66d871e4f2daf46b3144890a
0723,66d871e4f2daf46b31448908
0729,66d871e4f2daf46b31448929
0728,66d871e4f2daf46b3144892a
0731,66d871e4f2daf46b3144892b
0732,66d871e4f2daf46b3144892e
0730,66d871e4f2daf46b3144892d
0733,66d871e4f2daf46b3144894c
0734,66d871e4f2daf46b3144894d
0737,66d871e4f2daf46b31448950
0736,66d871e4f2daf46b31448953
0735,66d871e4f2daf46b3144894f
0739,66d871e5f2daf46b31448970
0740,66d871e5f2daf46b31448971
0742,66d871e5f2daf46b3144896f
0741,66d871e5f2daf46b31448972
0738,66d871e5f2daf46b31448975
0745,66d871e5f2daf46b31448994
0743,66d871e5f2daf46b31448993
0747,66d871e5f2daf46b31448998
0746,66d871e5f2daf46b31448995
0744,66d871e5f2daf46b31448992
0751,66d871e5f2daf46b314489b7
0752,66d871e5f2daf46b314489ba
0749,66d871e5f2daf46b314489b6
0750,66d871e5f2daf46b314489b5
0748,66d871e5f2daf46b314489b8
0753,66d871e5f2daf46b314489d8
0757,66d871e5f2daf46b314489d9
0754,66d871e5f2daf46b314489df
0756,66d871e5f2daf46b314489da
0755,66d871e5f2daf46b314489db
0761,66d871e6f2daf46b314489ff
0758,66d871e6f2daf46b314489fb
0759,66d871e6f2daf46b314489fc
0762,66d871e6f2daf46b314489fd
0760,66d871e6f2daf46b314489fe
0766,66d871e6f2daf46b31448a1e
0764,66d871e6f2daf46b31448a1f
0767,66d871e6f2daf46b31448a21
0763,66d871e6f2daf46b31448a20
0765,66d871e6f2daf46b31448a23
0772,66d871e6f2daf46b31448a45
0770,66d871e6f2daf46b31448a43
0771,66d871e6f2daf46b31448a44
0769,66d871e6f2daf46b31448a42
0768,66d871e6f2daf46b31448a41
0777,66d871e6f2daf46b31448a66
0773,66d871e6f2daf46b31448a64
0774,66d871e6f2daf46b31448a67
0775,66d871e6f2daf46b31448a65
0776,66d871e6f2daf46b31448a68
0778,66d871e7f2daf46b31448a8a
0780,66d871e7f2daf46b31448a88
0782,66d871e7f2daf46b31448a8c
0779,66d871e7f2daf46b31448a89
0781,66d871e7f2daf46b31448a87
0783,66d871e7f2daf46b31448aaa
0787,66d871e7f2daf46b31448aac
0786,66d871e7f2daf46b31448aae
0785,66d871e7f2daf46b31448aab
0784,66d871e7f2daf46b31448aad
0788,66d871e7f2daf46b31448acd
0790,66d871e7f2daf46b31448acf
0792,66d871e7f2daf46b31448ad0
0789,66d871e7f2daf46b31448ace
0791,66d871e7f2daf46b31448ad1
0794,66d871e8f2daf46b31448af3
0797,66d871e8f2daf46b31448af4
0796,66d871e8f2daf46b31448af1
0795,66d871e8f2daf46b31448af0
0793,66d871e8f2daf46b31448af2
0800,66d871e8f2daf46b31448b17
0801,66d871e8f2daf46b31448b14
0799,66d871e8f2daf46b31448b13
0798,66d871e8f2daf46b31448b16
0802,66d871e8f2daf46b31448b15
0803,66d871e8f2daf46b31448b37
0806,66d871e8f2daf46b31448b38
0805,66d871e8f2daf46b31448b39
0807,66d871e8f2daf46b31448b3a
0804,66d871e8f2daf46b31448b36
0808,66d871e8f2daf46b31448b59
0811,66d871e8f2daf46b31448b5c
0810,66d871e8f2daf46b31448b5a
0812,66d871e8f2daf46b31448b5e
0809,66d871e8f2daf46b31448b5b
0814,66d871e9f2daf46b31448b7e
0816,66d871e9f2daf46b31448b80
0817,66d871e9f2daf46b31448b7f
0815,66d871e9f2daf46b31448b7d
0813,66d871e9f2daf46b31448b7c
0819,66d871e9f2daf46b31448ba0
0820,66d871e9f2daf46b31448ba3
0818,66d871e9f2daf46b31448b9f
0821,66d871e9f2daf46b31448ba2
0822,66d871e9f2daf46b31448ba1
0823,66d871e9f2daf46b31448bc3
0824,66d871e9f2daf46b31448bc4
0826,66d871e9f2daf46b31448bc5
0827,66d871e9f2daf46b31448bc6
0825,66d871e9f2daf46b31448bc2
0828,66d871e9f2daf46b31448be5
0832,66d871e9f2daf46b31448be8
0830,66d871e9f2daf46b31448be9
0829,66d871e9f2daf46b31448be7
0831,66d871e9f2daf46b31448be6
0834,66d871eaf2daf46b31448c0b
0833,66d871eaf2daf46b31448c08
0837,66d871eaf2daf46b31448c09
0835,66d871eaf2daf46b31448c0c
0836,66d871eaf2daf46b31448c0a
0838,66d871eaf2daf46b31448c2b
0842,66d871eaf2daf46b31448c2e
0841,66d871eaf2daf46b31448c2d
0839,66d871eaf2daf46b31448c2c
0840,66d871eaf2daf46b31448c30
0843,66d871eaf2daf46b31448c4e
0845,66d871eaf2daf46b31448c4f
0846,66d871eaf2daf46b31448c54
0844,66d871eaf2daf46b31448c50
0847,66d871eaf2daf46b31448c52
0852,66d871eaf2daf46b31448c73
0851,66d871eaf2daf46b31448c74
0849,66d871eaf2daf46b31448c71
0848,66d871eaf2daf46b31448c75
0850,66d871eaf2daf46b31448c72
0855,66d871ebf2daf46b31448c97
0853,66d871ebf2daf46b31448c94
0856,66d871ebf2daf46b31448c95
0857,66d871ebf2daf46b31448c98
0854,66d871ebf2daf46b31448c96
0858,66d871ebf2daf46b31448cb7
0859,66d871ebf2daf46b31448cba
0860,66d871ebf2daf46b31448cb9
0862,66d871ebf2daf46b31448cbb
0861,66d871ebf2daf46b31448cb8
0864,66d871ebf2daf46b31448cdd
0866,66d871ebf2daf46b31448cdc
0863,66d871ebf2daf46b31448cda
0865,66d871ebf2daf46b31448cde
0867,66d871ebf2daf46b31448cdb
0871,66d871ebf2daf46b31448cfd
0872,66d871ebf2daf46b31448d06
0869,66d871ebf2daf46b31448cff
0870,66d871ebf2daf46b31448cfe
0868,66d871ebf2daf46b31448d01
0874,66d871ecf2daf46b31448d20
0875,66d871ecf2daf46b31448d21
0876,66d871ecf2daf46b31448d22
0873,66d871ecf2daf46b31448d23
0877,66d871ecf2daf46b31448d24
0881,66d871ecf2daf46b31448d47
0879,66d871ecf2daf46b31448d44
0878,66d871ecf2daf46b31448d45
0880,66d871ecf2daf46b31448d43
0882,66d871ecf2daf46b31448d46
0885,66d871ecf2daf46b31448d69
0886,66d871ecf2daf46b31448d67
0887,66d871ecf2daf46b31448d68
0883,66d871ecf2daf46b31448d66
0884,66d871ecf2daf46b31448d6c
0889,66d871edf2daf46b31448d8a
0888,66d871edf2daf46b31448d89
0890,66d871edf2daf46b31448d8b
0891,66d871edf2daf46b31448d8c
0892,66d871edf2daf46b31448d8f
0895,66d871edf2daf46b31448daf
0896,66d871edf2daf46b31448dae
0894,66d871edf2daf46b31448dac
0893,66d871edf2daf46b31448dad
0897,66d871edf2daf46b31448db0
0900,66d871edf2daf46b31448dd3
0901,66d871edf2daf46b31448dd0
0899,66d871edf2daf46b31448dcf
0902,66d871edf2daf46b31448dd2
0898,66d871edf2daf46b31448dd1
0903,66d871edf2daf46b31448df3
0906,66d871edf2daf46b31448df4
0904,66d871edf2daf46b31448df2
0905,66d871edf2daf46b31448df8
0907,66d871edf2daf46b31448df5
0912,66d871eef2daf46b31448e18
0911,66d871eef2daf46b31448e19
0908,66d871eef2daf46b31448e15
0909,66d871eef2daf46b31448e16
0910,66d871eef2daf46b31448e17
0916,66d871eef2daf46b31448e38
0913,66d871eef2daf46b31448e3b
0914,66d871eef2daf46b31448e3a
0917,66d871eef2daf46b31448e39
0915,66d871eef2daf46b31448e3e
0919,66d871eef2daf46b31448e5d
0918,66d871eef2daf46b31448e5e
0922,66d871eef2daf46b31448e5f
0920,66d871eef2daf46b31448e5c
0921,66d871eef2daf46b31448e5b
0924,66d871eef2daf46b31448e80
0927,66d871eef2daf46b31448e7f
0923,66d871eef2daf46b31448e7e
0925,66d871eef2daf46b31448e82
0926,66d871eef2daf46b31448e81
0929,66d871eff2daf46b31448ea1
0928,66d871eff2daf46b31448ea2
0931,66d871eff2daf46b31448ea3
0932,66d871eff2daf46b31448ea6
0930,66d871eff2daf46b31448ea4
0933,66d871eff2daf46b31448ec4
0935,66d871eff2daf46b31448ec5
0934,66d871eff2daf46b31448ec8
0936,66d871eff2daf46b31448ec7
0937,66d871eff2daf46b31448ec6
0938,66d871eff2daf46b31448ee7
0940,66d871eff2daf46b31448ee8
0939,66d871eff2daf46b31448ee9
0942,66d871eff2daf46b31448eeb
0941,66d871eff2daf46b31448eea
0943,66d871eff2daf46b31448f0e
0946,66d871eff2daf46b31448f0d
0945,66d871eff2daf46b31448f0b
0944,66d871eff2daf46b31448f0a
0947,66d871eff2daf46b31448f0c
0950,66d871f0f2daf46b31448f2f
0951,66d871f0f2daf46b31448f3a
0949,66d871f0f2daf46b31448f2e
0952,66d871f0f2daf46b31448f32
0948,66d871f0f2daf46b31448f2d
0953,66d871f0f2daf46b31448f51
0956,66d871f0f2daf46b31448f52
0955,66d871f0f2daf46b31448f50
0957,66d871f0f2daf46b31448f54
0954,66d871f0f2daf46b31448f53
0962,66d871f0f2daf46b31448f75
0961,66d871f0f2daf46b31448f74
0960,66d871f0f2daf46b31448f76
0958,66d871f0f2daf46b31448f73
0959,66d871f0f2daf46b31448f77
0964,66d871f0f2daf46b31448f98
0963,66d871f0f2daf46b31448f96
0965,66d871f0f2daf46b31448f9a
0967,66d871f0f2daf46b31448f97
0966,66d871f0f2daf46b31448f99
0972,66d871f1f2daf46b31448fbb
0969,66d871f1f2daf46b31448fbd
0968,66d871f1f2daf46b31448fb9
0971,66d871f1f2daf46b31448fba
0970,66d871f1f2daf46b31448fbc
0976,66d871f1f2daf46b31448fdd
0974,66d871f1f2daf46b31448fe0
0973,66d871f1f2daf46b31448fdc
0975,66d871f1f2daf46b31448fdf
0977,66d871f1f2daf46b31448fde
0979,66d871f1f2daf46b31449003
0982,66d871f1f2daf46b31449000
0980,66d871f1f2daf46b31449001
0981,66d871f1f2daf46b31449002
0978,66d871f1f2daf46b31448fff
0983,66d871f1f2daf46b31449022
0987,66d871f1f2daf46b31449023
0984,66d871f1f2daf46b31449026
0986,66d871f1f2daf46b31449024
0985,66d871f1f2daf46b31449025
0988,66d871f2f2daf46b31449047
0992,66d871f2f2daf46b3144904a
0990,66d871f2f2daf46b31449048
0989,66d871f2f2daf46b31449045
0991,66d871f2f2daf46b31449046
0997,66d871f2f2daf46b3144906a
0994,66d871f2f2daf46b3144906b
0996,66d871f2f2daf46b31449069
0993,66d871f2f2daf46b31449068
0995,66d871f2f2daf46b31449070
1001,66d871f2f2daf46b3144908e
1002,66d871f2f2daf46b3144908f
1000,66d871f2f2daf46b3144908c
0998,66d871f2f2daf46b3144908d
0999,66d871f2f2daf46b3144908b
1004,66d871f3f2daf46b314490ae
1003,66d871f3f2daf46b314490af
1006,66d871f3f2daf46b314490b2
1007,66d871f3f2daf46b314490b3
1005,66d871f3f2daf46b314490b0
1012,66d871f3f2daf46b314490d5
1011,66d871f3f2daf46b314490d3
1009,66d871f3f2daf46b314490d4
1008,66d871f3f2daf46b314490d1
1010,66d871f3f2daf46b314490d2
1016,66d871f3f2daf46b314490f4
1014,66d871f3f2daf46b314490f7
1015,66d871f3f2daf46b314490f9
1017,66d871f3f2daf46b314490f6
1013,66d871f3f2daf46b314490f5
1021,66d871f4f2daf46b31449118
1022,66d871f4f2daf46b3144911c
1020,66d871f4f2daf46b3144911a
1019,66d871f4f2daf46b31449119
1018,66d871f4f2daf46b31449117
1023,66d871f4f2daf46b3144913c
1026,66d871f4f2daf46b3144913a
1027,66d871f4f2daf46b3144913f
1025,66d871f4f2daf46b3144913b
1024,66d871f4f2daf46b3144913e
1028,66d871f4f2daf46b3144915d
1031,66d871f4f2daf46b3144915e
1032,66d871f4f2daf46b3144915f
1030,66d871f4f2daf46b31449160
1029,66d871f4f2daf46b31449161
1037,66d871f4f2daf46b31449182
1036,66d871f4f2daf46b31449181
1034,66d871f4f2daf46b31449180
1033,66d871f4f2daf46b31449187
1035,66d871f4f2daf46b31449185
1042,66d871f5f2daf46b314491a7
1040,66d871f5f2daf46b314491a6
1038,66d871f5f2daf46b314491a5
1041,66d871f5f2daf46b314491a4
1039,66d871f5f2daf46b314491a3
1047,66d871f5f2daf46b314491ca
1043,66d871f5f2daf46b314491c6
1044,66d871f5f2daf46b314491c8
1045,66d871f5f2daf46b314491c7
1046,66d871f5f2daf46b314491c9
1049,66d871f5f2daf46b314491e9
1048,66d871f5f2daf46b314491ea
1050,66d871f5f2daf46b314491ec
1051,66d871f5f2daf46b314491eb
1052,66d871f5f2daf46b314491ed
1053,66d871f6f2daf46b3144920e
1055,66d871f6f2daf46b3144920c
1056,66d871f6f2daf46b3144920f
1057,66d871f6f2daf46b3144920d
1054,66d871f6f2daf46b31449210
1060,66d871f6f2daf46b31449233
1058,66d871f6f2daf46b3144922f
1059,66d871f6f2daf46b31449231
1061,66d871f6f2daf46b31449234
1062,66d871f6f2daf46b31449232
1067,66d871f6f2daf46b31449256
1065,66d871f6f2daf46b31449252
1063,66d871f6f2daf46b31449255
1066,66d871f6f2daf46b31449253
1064,66d871f6f2daf46b31449254
1069,66d871f6f2daf46b31449278
1071,66d871f6f2daf46b31449275
1070,66d871f6f2daf46b31449276
1068,66d871f6f2daf46b31449277
1072,66d871f6f2daf46b3144927a
1077,66d871f7f2daf46b3144929a
1076,66d871f7f2daf46b31449299
1075,66d871f7f2daf46b3144929b
1073,66d871f7f2daf46b31449298
1074,66d871f7f2daf46b3144929d
1080,66d871f7f2daf46b314492bd
1079,66d871f7f2daf46b314492bc
1078,66d871f7f2daf46b314492bb
1082,66d871f7f2daf46b314492c0
1081,66d871f7f2daf46b314492be
1086,66d871f7f2daf46b314492de
1083,66d871f7f2daf46b314492df
1084,66d871f7f2daf46b314492e2
1087,66d871f7f2daf46b314492e4
1085,66d871f7f2daf46b314492e0
1089,66d871f7f2daf46b31449302
1090,66d871f7f2daf46b31449301
1088,66d871f7f2daf46b31449305
1092,66d871f7f2daf46b31449303
1091,66d871f7f2daf46b31449304
1095,66d871f8f2daf46b31449326
1094,66d871f8f2daf46b31449325
1096,66d871f8f2daf46b31449328
1093,66d871f8f2daf46b31449324
1097,66d871f8f2daf46b31449327
1100,66d871f8f2daf46b31449347
1102,66d871f8f2daf46b31449348
1098,66d871f8f2daf46b31449349
1099,66d871f8f2daf46b3144934b
1101,66d871f8f2daf46b3144934a
1105,66d871f8f2daf46b3144936e
1103,66d871f8f2daf46b3144936b
1106,66d871f8f2daf46b3144936a
1107,66d871f8f2daf46b3144936d
1104,66d871f8f2daf46b3144936c
1112,66d871f9f2daf46b3144938e
1109,66d871f8f2daf46b3144938d
1111,66d871f9f2daf46b31449391
1108,66d871f9f2daf46b3144938f
1110,66d871f9f2daf46b31449392
1115,66d871f9f2daf46b314493b1
1117,66d871f9f2daf46b314493b4
1114,66d871f9f2daf46b314493b3
1113,66d871f9f2daf46b314493b2
1116,66d871f9f2daf46b314493b0
1119,66d871f9f2daf46b314493d4
1121,66d871f9f2daf46b314493d6
1118,66d871f9f2daf46b314493d3
1120,66d871f9f2daf46b314493d9
1122,66d871f9f2daf46b314493d5
1123,66d871f9f2daf46b314493f7
1125,66d871f9f2daf46b314493fa
1126,66d871f9f2daf46b314493f6
1124,66d871f9f2daf46b314493f8
1127,66d871f9f2daf46b314493fc
1128,66d871faf2daf46b31449419
1132,66d871faf2daf46b31449421
1131,66d871faf2daf46b3144941d
1130,66d871faf2daf46b3144941e
1129,66d871faf2daf46b3144941a
1134,66d871faf2daf46b31449441
1133,66d871faf2daf46b3144943c
1137,66d871faf2daf46b3144943e
1135,66d871faf2daf46b3144943d
1136,66d871faf2daf46b3144943f
1140,66d871faf2daf46b31449461
1138,66d871faf2daf46b31449460
1142,66d871faf2daf46b31449462
1141,66d871faf2daf46b31449465
1139,66d871faf2daf46b3144945f
1146,66d871faf2daf46b31449483
1145,66d871faf2daf46b31449486
1143,66d871faf2daf46b31449484
1147,66d871faf2daf46b31449485
1144,66d871faf2daf46b31449482
1151,66d871fbf2daf46b314494a9
1148,66d871fbf2daf46b314494a7
1149,66d871fbf2daf46b314494a5
1150,66d871fbf2daf46b314494a8
1152,66d871fbf2daf46b314494a6
1153,66d871fbf2daf46b314494c9
1157,66d871fbf2daf46b314494ca
1155,66d871fbf2daf46b314494cd
1154,66d871fbf2daf46b314494c8
1156,66d871fbf2daf46b314494cb
1158,66d871fbf2daf46b314494eb
1162,66d871fbf2daf46b314494ef
1161,66d871fbf2daf46b314494ed
1160,66d871fbf2daf46b314494ec
1159,66d871fbf2daf46b314494ee
1164,66d871fbf2daf46b31449511
1166,66d871fbf2daf46b3144950e
1163,66d871fbf2daf46b31449512
1165,66d871fbf2daf46b3144950f
1167,66d871fbf2daf46b31449510
1172,66d871fcf2daf46b31449534
1169,66d871fcf2daf46b31449533
1170,66d871fcf2daf46b31449535
1168,66d871fcf2daf46b31449531
1171,66d871fcf2daf46b31449532
1174,66d871fcf2daf46b31449556
1176,66d871fcf2daf46b31449559
1173,66d871fcf2daf46b31449558
1175,66d871fcf2daf46b31449555
1177,66d871fcf2daf46b31449554
1179,66d871fcf2daf46b31449578
1181,66d871fcf2daf46b3144957d
1180,66d871fcf2daf46b3144957a
1182,66d871fcf2daf46b31449579
1178,66d871fcf2daf46b31449577
1183,66d871fcf2daf46b3144959a
1184,66d871fcf2daf46b3144959b
1186,66d871fcf2daf46b3144959d
1187,66d871fcf2daf46b3144959e
1185,66d871fcf2daf46b314495b5
1191,66d871fdf2daf46b314495bd
1190,66d871fdf2daf46b314495bf
1189,66d871fdf2daf46b314495be
1188,66d871fdf2daf46b314495c0
1192,66d871fdf2daf46b314495c2
1196,66d871fdf2daf46b314495e2
1193,66d871fdf2daf46b314495e0
1195,66d871fdf2daf46b314495e3
1194,66d871fdf2daf46b314495e1
1197,66d871fdf2daf46b314495e4
1199,66d871fdf2daf46b31449606
1200,66d871fdf2daf46b31449605
1201,66d871fdf2daf46b31449607
1198,66d871fdf2daf46b31449604
1202,66d871fdf2daf46b31449603
1207,66d871fdf2daf46b31449628
1206,66d871fdf2daf46b31449626
1204,66d871fdf2daf46b31449629
1203,66d871fdf2daf46b3144962a
1205,66d871fdf2daf46b31449627
1209,66d871fef2daf46b3144964a
1208,66d871fef2daf46b3144964c
1211,66d871fef2daf46b3144964e
1212,66d871fef2daf46b3144964b
1210,66d871fef2daf46b31449649
1214,66d871fef2daf46b3144966c
1215,66d871fef2daf46b3144966d
1217,66d871fef2daf46b31449671
1213,66d871fef2daf46b3144966f
1216,66d871fef2daf46b3144966e
1219,66d871fef2daf46b31449692
1222,66d871fef2daf46b3144968f
1221,66d871fef2daf46b31449691
1220,66d871fef2daf46b31449690
1218,66d871fef2daf46b31449693
1224,66d871fef2daf46b314496b4
1223,66d871fef2daf46b314496b5
1225,66d871fef2daf46b314496b2
1227,66d871fef2daf46b314496b6
1226,66d871fef2daf46b314496b3
1228,66d871fff2daf46b314496d6
1229,66d871fff2daf46b314496d5
1230,66d871fff2daf46b314496d8
1231,66d871fff2daf46b314496d7
1232,66d871fff2daf46b314496d9
1234,66d871fff2daf46b314496f8
1237,66d871fff2daf46b314496fb
1236,66d871fff2daf46b314496fa
1235,66d871fff2daf46b314496fc
1233,66d871fff2daf46b314496f9
1238,66d871fff2daf46b3144971d
1240,66d871fff2daf46b3144971e
1239,66d871fff2daf46b3144971c
1242,66d871fff2daf46b3144971f
1241,66d871fff2daf46b3144971b
1245,66d871fff2daf46b3144973f
1243,66d871fff2daf46b3144973e
1244,66d871fff2daf46b31449740
1247,66d871fff2daf46b31449741
1246,66d871fff2daf46b31449742
1248,66d87200f2daf46b31449765
1251,66d87200f2daf46b31449761
1249,66d87200f2daf46b31449763
1250,66d87200f2daf46b31449764
1252,66d87200f2daf46b31449762
1254,66d87200f2daf46b31449784
1256,66d87200f2daf46b31449787
1257,66d87200f2daf46b31449786
1253,66d87200f2daf46b31449788
1255,66d87200f2daf46b31449785
1261,66d87200f2daf46b314497ab
1259,66d87200f2daf46b314497aa
1260,66d87200f2daf46b314497a7
1262,66d87200f2daf46b314497a8
1258,66d87200f2daf46b314497a9
1266,66d87201f2daf46b314497cc
1267,66d87201f2daf46b314497cd
1264,66d87201f2daf46b314497ca
1263,66d87201f2daf46b314497cb
1265,66d87201f2daf46b314497cf
1268,66d87201f2daf46b314497f2
1271,66d87201f2daf46b314497ef
1272,66d87201f2daf46b314497f1
1269,66d87201f2daf46b314497ed
1270,66d87201f2daf46b314497f0
1275,66d87201f2daf46b31449812
1274,66d87201f2daf46b31449811
1277,66d87201f2daf46b31449814
1276,66d87201f2daf46b31449810
1273,66d87201f2daf46b31449813
1281,66d87201f2daf46b31449834
1280,66d87201f2daf46b31449836
1278,66d87201f2daf46b31449835
1279,66d87201f2daf46b31449833
1282,66d87201f2daf46b31449839
1287,66d87202f2daf46b31449858
1286,66d87202f2daf46b31449859
1285,66d87202f2daf46b3144985b
1283,66d87202f2daf46b31449857
1284,66d87202f2daf46b31449856
1290,66d87202f2daf46b3144987b
1288,66d87202f2daf46b3144987a
1292,66d87202f2daf46b31449880
1289,66d87202f2daf46b31449879
1291,66d87202f2daf46b3144987d
1294,66d87202f2daf46b314498a0
1297,66d87202f2daf46b3144989f
1295,66d87202f2daf46b3144989e
1293,66d87202f2daf46b3144989d
1296,66d87202f2daf46b3144989c
1302,66d87202f2daf46b314498c1
1299,66d87202f2daf46b314498c3
1301,66d87202f2daf46b314498c0
1300,66d87202f2daf46b314498c2
1298,66d87202f2daf46b314498bf
1305,66d87203f2daf46b314498e3
1307,66d87203f2daf46b314498e6
1304,66d87203f2daf46b314498e4
1306,66d87203f2daf46b314498e2
1303,66d87203f2daf46b314498e5
1310,66d87203f2daf46b31449905
1311,66d87203f2daf46b31449908
1309,66d87203f2daf46b31449906
1308,66d87203f2daf46b31449907
1312,66d87203f2daf46b31449909
1314,66d87203f2daf46b3144992a
1316,66d87203f2daf46b31449928
1315,66d87203f2daf46b3144992c
1313,66d87203f2daf46b31449929
1317,66d87203f2daf46b3144992b
1320,66d87203f2daf46b3144994c
1318,66d87203f2daf46b3144994d
1322,66d87203f2daf46b3144994b
1321,66d87203f2daf46b3144994f
1319,66d87203f2daf46b3144994e
1324,66d87204f2daf46b3144996f
1323,66d87204f2daf46b3144996e
1327,66d87204f2daf46b31449974
1326,66d87204f2daf46b31449973
1325,66d87204f2daf46b31449970
1328,66d87204f2daf46b31449994
1332,66d87204f2daf46b31449993
1331,66d87204f2daf46b31449991
1330,66d87204f2daf46b31449992
1329,66d87204f2daf46b31449995
1337,66d87204f2daf46b314499b7
1336,66d87204f2daf46b314499b4
1334,66d87204f2daf46b314499b5
1333,66d87204f2daf46b314499b8
1335,66d87204f2daf46b314499b6
1341,66d87204f2daf46b314499d7
1338,66d87204f2daf46b314499d9
1342,66d87204f2daf46b314499dc
1340,66d87204f2daf46b314499d8
1339,66d87204f2daf46b314499db
1346,66d87205f2daf46b314499fa
1345,66d87205f2daf46b314499fc
1347,66d87205f2daf46b314499fd
1344,66d87205f2daf46b314499fe
1343,66d87205f2daf46b314499fb
1349,66d87205f2daf46b31449a1e
1351,66d87205f2daf46b31449a20
1350,66d87205f2daf46b31449a1d
1348,66d87205f2daf46b31449a1f
1352,66d87205f2daf46b31449a21
1357,66d87205f2daf46b31449a44
1353,66d87205f2daf46b31449a42
1356,66d87205f2daf46b31449a41
1355,66d87205f2daf46b31449a43
1354,66d87205f2daf46b31449a40
1362,66d87205f2daf46b31449a65
1361,66d87205f2daf46b31449a66
1359,66d87205f2daf46b31449a63
1360,66d87205f2daf46b31449a67
1358,66d87205f2daf46b31449a64
1363,66d87206f2daf46b31449a86
1364,66d87206f2daf46b31449a87
1367,66d87206f2daf46b31449a88
1366,66d87206f2daf46b31449a8a
1365,66d87206f2daf46b31449a8f
1369,66d87206f2daf46b31449aac
1372,66d87206f2daf46b31449aad
1370,66d87206f2daf46b31449aa9
1368,66d87206f2daf46b31449aaa
1371,66d87206f2daf46b31449aab
1377,66d87206f2daf46b31449acd
1376,66d87206f2daf46b31449acc
1374,66d87206f2daf46b31449acf
1373,66d87206f2daf46b31449ad0
1375,66d87206f2daf46b31449ace
1382,66d87207f2daf46b31449af4
1379,66d87207f2daf46b31449af3
1380,66d87207f2daf46b31449af1
1378,66d87207f2daf46b31449aef
1381,66d87207f2daf46b31449af0
1384,66d87207f2daf46b31449b12
1385,66d87207f2daf46b31449b14
1386,66d87207f2daf46b31449b16
1387,66d87207f2daf46b31449b13
1383,66d87207f2daf46b31449b15
1389,66d87207f2daf46b31449b35
1388,66d87207f2daf46b31449b36
1390,66d87207f2daf46b31449b3a
1391,66d87207f2daf46b31449b37
1392,66d87207f2daf46b31449b39
1395,66d87207f2daf46b31449b59
1393,66d87207f2daf46b31449b5b
1394,66d87207f2daf46b31449b5a
1397,66d87207f2daf46b31449b5f
1396,66d87207f2daf46b31449b58
1399,66d87208f2daf46b31449b7f
1401,66d87208f2daf46b31449b7b
1400,66d87208f2daf46b31449b7c
1398,66d87208f2daf46b31449b7e
1402,66d87208f2daf46b31449b7d
1405,66d87208f2daf46b31449ba2
1407,66d87208f2daf46b31449ba1
1403,66d87208f2daf46b31449b9e
1406,66d87208f2daf46b31449ba0
1404,66d87208f2daf46b31449b9f
1409,66d87208f2daf46b31449bc2
1412,66d87208f2daf46b31449bc4
1408,66d87208f2daf46b31449bc1
1411,66d87208f2daf46b31449bc5
1410,66d87208f2daf46b31449bc3
1416,66d87208f2daf46b31449be6
1413,66d87208f2daf46b31449be8
1415,66d87208f2daf46b31449be7
1414,66d87208f2daf46b31449be4
1417,66d87208f2daf46b31449be5
1421,66d87209f2daf46b31449c08
1418,66d87209f2daf46b31449c09
1420,66d87209f2daf46b31449c07
1419,66d87209f2daf46b31449c0c
1422,66d87209f2daf46b31449c0a
1423,66d87209f2daf46b31449c2a
1427,66d87209f2daf46b31449c30
1424,66d87209f2daf46b31449c2d
1426,66d87209f2daf46b31449c2c
1425,66d87209f2daf46b31449c2e
1429,66d87209f2daf46b31449c4f
1428,66d87209f2daf46b31449c4e
1432,66d87209f2daf46b31449c50
1430,66d87209f2daf46b31449c51
1431,66d87209f2daf46b31449c4d
1434,66d87209f2daf46b31449c72
1433,66d87209f2daf46b31449c71
1437,66d87209f2daf46b31449c74
1436,66d87209f2daf46b31449c73
1435,66d87209f2daf46b31449c70
1441,66d8720af2daf46b31449c98
1439,66d8720af2daf46b31449c95
1438,66d8720af2daf46b31449c94
1442,66d8720af2daf46b31449c97
1440,66d8720af2daf46b31449c93
1447,66d8720af2daf46b31449cb6
1446,66d8720af2daf46b31449cb8
1443,66d8720af2daf46b31449cba
1445,66d8720af2daf46b31449cb7
1444,66d8720af2daf46b31449cb9
1450,66d8720af2daf46b31449cdf
1448,66d8720af2daf46b31449cd9
1451,66d8720af2daf46b31449cde
1449,66d8720af2daf46b31449cda
1452,66d8720af2daf46b31449cdc
1453,66d8720af2daf46b31449cfc
1455,66d8720af2daf46b31449cfe
1457,66d8720af2daf46b31449cff
1454,66d8720af2daf46b31449d01
1456,66d8720af2daf46b31449cfd
1461,66d8720af2daf46b31449d21
1458,66d8720af2daf46b31449d20
1459,66d8720af2daf46b31449d1f
1460,66d8720af2daf46b31449d26
1462,66d8720af2daf46b31449d23
1463,66d8720bf2daf46b31449d43
1464,66d8720bf2daf46b31449d42
1465,66d8720bf2daf46b31449d45
1466,66d8720bf2daf46b31449d46
1467,66d8720bf2daf46b31449d44
1468,66d8720bf2daf46b31449d65
1469,66d8720bf2daf46b31449d67
1470,66d8720bf2daf46b31449d66
1472,66d8720bf2daf46b31449d69
1471,66d8720bf2daf46b31449d68
1477,66d8720bf2daf46b31449d8b
1476,66d8720bf2daf46b31449d8a
1474,66d8720bf2daf46b31449d8c
1475,66d8720bf2daf46b31449d89
1473,66d8720bf2daf46b31449d88
1482,66d8720cf2daf46b31449dae
1479,66d8720cf2daf46b31449db2
1478,66d8720cf2daf46b31449dac
1480,66d8720cf2daf46b31449dad
1481,66d8720cf2daf46b31449dab
1484,66d8720cf2daf46b31449dcf
1486,66d8720cf2daf46b31449dce
1483,66d8720cf2daf46b31449dd0
1485,66d8720cf2daf46b31449dd5
1487,66d8720cf2daf46b31449dd1
1489,66d8720cf2daf46b31449df3
1491,66d8720cf2daf46b31449df2
1488,66d8720cf2daf46b31449df4
1492,66d8720cf2daf46b31449df5
1490,66d8720cf2daf46b31449df1
1495,66d8720cf2daf46b31449e15
1493,66d8720cf2daf46b31449e18
1496,66d8720cf2daf46b31449e14
1494,66d8720cf2daf46b31449e16
1497,66d8720cf2daf46b31449e17
1499,66d8720df2daf46b31449e38
1501,66d8720df2daf46b31449e3c
1502,66d8720df2daf46b31449e3a
1498,66d8720df2daf46b31449e37
1500,66d8720df2daf46b31449e39
1505,66d8720df2daf46b31449e5c
1506,66d8720df2daf46b31449e5e
1507,66d8720df2daf46b31449e5d
1504,66d8720df2daf46b31449e5a
1503,66d8720df2daf46b31449e5b
1510,66d8720df2daf46b31449e80
1512,66d8720df2daf46b31449e81
1509,66d8720df2daf46b31449e7e
1508,66d8720df2daf46b31449e7f
1511,66d8720df2daf46b31449e7d
1513,66d8720df2daf46b31449ea1
1514,66d8720df2daf46b31449ea4
1517,66d8720df2daf46b31449ea2
1516,66d8720df2daf46b31449ea0
1515,66d8720df2daf46b31449ea3
1520,66d8720ef2daf46b31449ec4
1522,66d8720ef2daf46b31449ec5
1521,66d8720ef2daf46b31449ec3
1519,66d8720ef2daf46b31449ec6
1518,66d8720ef2daf46b31449ec7
1526,66d8720ef2daf46b31449ee7
1527,66d8720ef2daf46b31449eea
1523,66d8720ef2daf46b31449ee6
1524,66d8720ef2daf46b31449ee9
1525,66d8720ef2daf46b31449ee8
1528,66d8720ef2daf46b31449f0b
1529,66d8720ef2daf46b31449f0d
1531,66d8720ef2daf46b31449f0a
1532,66d8720ef2daf46b31449f0c
1530,66d8720ef2daf46b31449f09
1535,66d8720ef2daf46b31449f2c
1536,66d8720ef2daf46b31449f2d
1533,66d8720ef2daf46b31449f2f
1534,66d8720ef2daf46b31449f2e
1537,66d8720ef2daf46b31449f31
1538,66d8720ff2daf46b31449f53
1542,66d8720ff2daf46b31449f52
1539,66d8720ff2daf46b31449f50
1541,66d8720ff2daf46b31449f51
1540,66d8720ff2daf46b31449f4f
1544,66d8720ff2daf46b31449f76
1546,66d8720ff2daf46b31449f75
1545,66d8720ff2daf46b31449f72
1543,66d8720ff2daf46b31449f73
1547,66d8720ff2daf46b31449f74
1551,66d8720ff2daf46b31449f96
1548,66d8720ff2daf46b31449f99
1550,66d8720ff2daf46b31449f97
1549,66d8720ff2daf46b31449f95
1552,66d8720ff2daf46b31449f9a
1556,66d8720ff2daf46b31449fbc
1555,66d8720ff2daf46b31449fbb
1557,66d8720ff2daf46b31449fb8
1554,66d8720ff2daf46b31449fba
1553,66d8720ff2daf46b31449fb9
1562,66d87210f2daf46b31449fdc
1559,66d87210f2daf46b31449fe0
1561,66d87210f2daf46b31449fdb
1558,66d87210f2daf46b31449fdf
1560,66d87210f2daf46b31449fde
1567,66d87210f2daf46b3144a002
1563,66d87210f2daf46b3144a001
1565,66d87210f2daf46b3144a000
1566,66d87210f2daf46b31449ffe
1564,66d87210f2daf46b31449fff
1568,66d87210f2daf46b3144a021
1569,66d87210f2daf46b3144a022
1570,66d87210f2daf46b3144a026
1572,66d87210f2daf46b3144a028
1571,66d87210f2daf46b3144a023
1574,66d87211f2daf46b3144a046
1575,66d87211f2daf46b3144a045
1573,66d87211f2daf46b3144a044
1576,66d87211f2daf46b3144a047
1577,66d87211f2daf46b3144a048
1580,66d87211f2daf46b3144a068
1578,66d87211f2daf46b3144a067
1582,66d87211f2daf46b3144a06b
1581,66d87211f2daf46b3144a069
1579,66d87211f2daf46b3144a06a
1585,66d87211f2daf46b3144a08c
1586,66d87211f2daf46b3144a08d
1587,66d87211f2daf46b3144a08e
1584,66d87211f2daf46b3144a08a
1583,66d87211f2daf46b3144a08b
1590,66d87211f2daf46b3144a0ad
1591,66d87211f2daf46b3144a0b1
1588,66d87211f2daf46b3144a0b0
1592,66d87211f2daf46b3144a0ae
1589,66d87211f2daf46b3144a0af
1594,66d87212f2daf46b3144a0d4
1596,66d87212f2daf46b3144a0d3
1593,66d87212f2daf46b3144a0d0
1597,66d87212f2daf46b3144a0d5
1595,66d87212f2daf46b3144a0d1
1602,66d87212f2daf46b3144a0f7
1599,66d87212f2daf46b3144a0f3
1601,66d87212f2daf46b3144a0f6
1600,66d87212f2daf46b3144a0f4
1598,66d87212f2daf46b3144a0f5
1606,66d87212f2daf46b3144a117
1603,66d87212f2daf46b3144a11e
1607,66d87212f2daf46b3144a120
1604,66d87212f2daf46b3144a116
1605,66d87212f2daf46b3144a118
1609,66d87212f2daf46b3144a139
1612,66d87212f2daf46b3144a13f
1608,66d87212f2daf46b3144a13a
1611,66d87212f2daf46b3144a13e
1610,66d87212f2daf46b3144a13d
1614,66d87213f2daf46b3144a15c
1617,66d87213f2daf46b3144a15f
1616,66d87213f2daf46b3144a15e
1613,66d87213f2daf46b3144a160
1615,66d87213f2daf46b3144a15d
1618,66d87213f2daf46b3144a17f
1620,66d87213f2daf46b3144a180
1619,66d87213f2daf46b3144a185
1621,66d87213f2daf46b3144a184
1622,66d87213f2daf46b3144a181
1625,66d87213f2daf46b3144a1a4
1624,66d87213f2daf46b3144a1a3
1626,66d87213f2daf46b3144a1a6
1627,66d87213f2daf46b3144a1a5
1623,66d87213f2daf46b3144a1a2
1630,66d87213f2daf46b3144a1c6
1631,66d87213f2daf46b3144a1c9
1629,66d87213f2daf46b3144a1c7
1628,66d87213f2daf46b3144a1c5
1632,66d87213f2daf46b3144a1c8
1637,66d87214f2daf46b3144a1ea
1636,66d87214f2daf46b3144a1eb
1633,66d87214f2daf46b3144a1ed
1634,66d87214f2daf46b3144a1e8
1635,66d87214f2daf46b3144a1e9
1641,66d87214f2daf46b3144a20d
1642,66d87214f2daf46b3144a212
1640,66d87214f2daf46b3144a20e
1639,66d87214f2daf46b3144a20b
1638,66d87214f2daf46b3144a20c
1647,66d87214f2daf46b3144a22f
1645,66d87214f2daf46b3144a231
1643,66d87214f2daf46b3144a233
1646,66d87214f2daf46b3144a22e
1644,66d87214f2daf46b3144a230
1651,66d87214f2daf46b3144a254
1648,66d87214f2daf46b3144a251
1652,66d87214f2daf46b3144a25f
1650,66d87214f2daf46b3144a252
1649,66d87214f2daf46b3144a253
1655,66d87215f2daf46b3144a276
1653,66d87215f2daf46b3144a277
1657,66d87215f2daf46b3144a278
1656,66d87215f2daf46b3144a275
1654,66d87215f2daf46b3144a274
1662,66d87215f2daf46b3144a29b
1660,66d87215f2daf46b3144a29a
1658,66d87215f2daf46b3144a297
1661,66d87215f2daf46b3144a298
1659,66d87215f2daf46b3144a29c
1665,66d87215f2daf46b3144a2bb
1664,66d87215f2daf46b3144a2bd
1666,66d87215f2daf46b3144a2be
1663,66d87215f2daf46b3144a2ba
1667,66d87215f2daf46b3144a2bc
1671,66d87215f2daf46b3144a2e0
1669,66d87215f2daf46b3144a2de
1668,66d87215f2daf46b3144a2dd
1672,66d87215f2daf46b3144a2e1
1670,66d87215f2daf46b3144a2df
1675,66d87216f2daf46b3144a301
1677,66d87216f2daf46b3144a302
1674,66d87216f2daf46b3144a304
1676,66d87216f2daf46b3144a300
1673,66d87216f2daf46b3144a303
1681,66d87216f2daf46b3144a325
1682,66d87216f2daf46b3144a326
1679,66d87216f2daf46b3144a323
1678,66d87216f2daf46b3144a324
1680,66d87216f2daf46b3144a327
1686,66d87216f2daf46b3144a348
1687,66d87216f2daf46b3144a34a
1683,66d87216f2daf46b3144a347
1685,66d87216f2daf46b3144a349
1684,66d87216f2daf46b3144a346
1688,66d87217f2daf46b3144a369
1692,66d87217f2daf46b3144a36c
1691,66d87217f2daf46b3144a36d
1690,66d87217f2daf46b3144a36b
1689,66d87217f2daf46b3144a36a
1697,66d87217f2daf46b3144a38d
1695,66d87217f2daf46b3144a38f
1693,66d87217f2daf46b3144a38c
1696,66d87217f2daf46b3144a391
1694,66d87217f2daf46b3144a390
1701,66d87217f2daf46b3144a3b1
1699,66d87217f2daf46b3144a3b2
1698,66d87217f2daf46b3144a3af
1700,66d87217f2daf46b3144a3b0
1702,66d87217f2daf46b3144a3b3
1707,66d87217f2daf46b3144a3d4
1703,66d87217f2daf46b3144a3d3
1706,66d87217f2daf46b3144a3d6
1705,66d87217f2daf46b3144a3d5
1704,66d87217f2daf46b3144a3d2
1711,66d87218f2daf46b3144a3f6
1708,66d87218f2daf46b3144a3f8
1712,66d87218f2daf46b3144a3fb
1710,66d87218f2daf46b3144a3f9
1709,66d87218f2daf46b3144a3f5
1713,66d87218f2daf46b3144a41c
1716,66d87218f2daf46b3144a418
1714,66d87218f2daf46b3144a41b
1717,66d87218f2daf46b3144a41a
1715,66d87218f2daf46b3144a419
1721,66d87218f2daf46b3144a43d
1720,66d87218f2daf46b3144a43e
1719,66d87218f2daf46b3144a43c
1718,66d87218f2daf46b3144a43b
1722,66d87218f2daf46b3144a441
1726,66d87218f2daf46b3144a45f
1724,66d87218f2daf46b3144a462
1727,66d87218f2daf46b3144a460
1723,66d87218f2daf46b3144a45e
1725,66d87218f2daf46b3144a461
1728,66d87219f2daf46b3144a482
1731,66d87219f2daf46b3144a481
1732,66d87219f2daf46b3144a486
1729,66d87219f2daf46b3144a484
1730,66d87219f2daf46b3144a485
1737,66d87219f2daf46b3144a4a8
1736,66d87219f2daf46b3144a4a6
1735,66d87219f2daf46b3144a4a4
1733,66d87219f2daf46b3144a4a5
1734,66d87219f2daf46b3144a4a7
1738,66d87219f2daf46b3144a4c8
1739,66d87219f2daf46b3144a4c7
1742,66d87219f2daf46b3144a4cb
1740,66d87219f2daf46b3144a4ca
1741,66d87219f2daf46b3144a4c9
1744,66d87219f2daf46b3144a4ea
1745,66d87219f2daf46b3144a4ed
1747,66d87219f2daf46b3144a4ee
1746,66d87219f2daf46b3144a4eb
1743,66d87219f2daf46b3144a4ec
1751,66d8721af2daf46b3144a511
1752,66d8721af2daf46b3144a510
1750,66d8721af2daf46b3144a50f
1748,66d8721af2daf46b3144a50e
1749,66d8721af2daf46b3144a50d
1756,66d8721af2daf46b3144a533
1753,66d8721af2daf46b3144a532
1755,66d8721af2daf46b3144a531
1757,66d8721af2daf46b3144a534
1754,66d8721af2daf46b3144a530
1762,66d8721af2daf46b3144a554
1759,66d8721af2daf46b3144a559
1760,66d8721af2daf46b3144a555
1758,66d8721af2daf46b3144a553
1761,66d8721af2daf46b3144a556
1766,66d8721af2daf46b3144a57b
1765,66d8721af2daf46b3144a577
1763,66d8721af2daf46b3144a576
1767,66d8721af2daf46b3144a578
1764,66d8721af2daf46b3144a579
1768,66d8721bf2daf46b3144a59b
1771,66d8721bf2daf46b3144a59c
1772,66d8721bf2daf46b3144a59d
1770,66d8721bf2daf46b3144a59a
1769,66d8721bf2daf46b3144a599
1774,66d8721bf2daf46b3144a5bd
1776,66d8721bf2daf46b3144a5be
1777,66d8721bf2daf46b3144a5bf
1773,66d8721bf2daf46b3144a5bc
1775,66d8721bf2daf46b3144a5c0
1782,66d8721bf2daf46b3144a5e3
1781,66d8721bf2daf46b3144a5e1
1779,66d8721bf2daf46b3144a5df
1778,66d8721bf2daf46b3144a5e0
1780,66d8721bf2daf46b3144a5e2
1784,66d8721bf2daf46b3144a603
1787,66d8721bf2daf46b3144a602
1786,66d8721bf2daf46b3144a60a
1785,66d8721bf2daf46b3144a607
1783,66d8721bf2daf46b3144a605
1789,66d8721cf2daf46b3144a628
1791,66d8721cf2daf46b3144a626
1790,66d8721cf2daf46b3144a625
1792,66d8721cf2daf46b3144a629
1788,66d8721cf2daf46b3144a627
1795,66d8721cf2daf46b3144a64b
1794,66d8721cf2daf46b3144a649
1797,66d8721cf2daf46b3144a64e
1793,66d8721cf2daf46b3144a648
1796,66d8721cf2daf46b3144a64c
1799,66d8721cf2daf46b3144a66e
1798,66d8721cf2daf46b3144a66c
1800,66d8721cf2daf46b3144a66b
1802,66d8721cf2daf46b3144a670
1801,66d8721cf2daf46b3144a66d
1803,66d8721cf2daf46b3144a693
1805,66d8721cf2daf46b3144a68e
1804,66d8721cf2daf46b3144a68f
1807,66d8721cf2daf46b3144a691
1806,66d8721cf2daf46b3144a690
1808,66d8721df2daf46b3144a6b1
1811,66d8721df2daf46b3144a6b6
1809,66d8721df2daf46b3144a6b3
1812,66d8721df2daf46b3144a6b4
1810,66d8721df2daf46b3144a6b7
1817,66d8721df2daf46b3144a6d7
1813,66d8721df2daf46b3144a6d4
1816,66d8721df2daf46b3144a6da
1814,66d8721df2daf46b3144a6d6
1815,66d8721df2daf46b3144a6d5
1822,66d8721df2daf46b3144a6fa
1818,66d8721df2daf46b3144a6fb
1820,66d8721df2daf46b3144a6f8
1821,66d8721df2daf46b3144a6f9
1819,66d8721df2daf46b3144a6f7
1827,66d8721df2daf46b3144a71e
1826,66d8721df2daf46b3144a71c
1825,66d8721df2daf46b3144a71b
1824,66d8721df2daf46b3144a71a
1823,66d8721df2daf46b3144a71d
1830,66d8721ef2daf46b3144a740
1832,66d8721ef2daf46b3144a741
1828,66d8721ef2daf46b3144a73d
1831,66d8721ef2daf46b3144a73f
1829,66d8721ef2daf46b3144a73e
1834,66d8721ef2daf46b3144a761
1833,66d8721ef2daf46b3144a763
1837,66d8721ef2daf46b3144a760
1836,66d8721ef2daf46b3144a764
1835,66d8721ef2daf46b3144a762
1842,66d8721ef2daf46b3144a784
1838,66d8721ef2daf46b3144a783
1840,66d8721ef2daf46b3144a787
1841,66d8721ef2daf46b3144a786
1839,66d8721ef2daf46b3144a785
1843,66d8721ef2daf46b3144a7a7
1845,66d8721ef2daf46b3144a7a9
1846,66d8721ef2daf46b3144a7aa
1847,66d8721ef2daf46b3144a7a8
1844,66d8721ef2daf46b3144a7a6
1851,66d8721ff2daf46b3144a7ca
1850,66d8721ff2daf46b3144a7c9
1849,66d8721ff2daf46b3144a7cd
1848,66d8721ff2daf46b3144a7cc
1852,66d8721ff2daf46b3144a7cb
1856,66d8721ff2daf46b3144a7ed
1855,66d8721ff2daf46b3144a7ec
1854,66d8721ff2daf46b3144a7ef
1857,66d8721ff2daf46b3144a7f0
1853,66d8721ff2daf46b3144a7ee
1858,66d8721ff2daf46b3144a811
1859,66d8721ff2daf46b3144a810
1862,66d8721ff2daf46b3144a812
1860,66d8721ff2daf46b3144a815
1861,66d8721ff2daf46b3144a80f
1867,66d8721ff2daf46b3144a834
1863,66d8721ff2daf46b3144a836
1864,66d8721ff2daf46b3144a833
1865,66d8721ff2daf46b3144a832
1866,66d8721ff2daf46b3144a835
1870,66d87220f2daf46b3144a855
1871,66d87220f2daf46b3144a858
1872,66d87220f2daf46b3144a857
1868,66d87220f2daf46b3144a859
1869,66d87220f2daf46b3144a856
1875,66d87220f2daf46b3144a87a
1877,66d87220f2daf46b3144a879
1873,66d87220f2daf46b3144a878
1876,66d87220f2daf46b3144a87c
1874,66d87220f2daf46b3144a87b
1881,66d87220f2daf46b3144a89d
1880,66d87220f2daf46b3144a89f
1882,66d87220f2daf46b3144a89b
1878,66d87220f2daf46b3144a89e
1879,66d87220f2daf46b3144a89c
1887,66d87220f2daf46b3144a8c0
1886,66d87220f2daf46b3144a8c2
1884,66d87220f2daf46b3144a8c3
1883,66d87220f2daf46b3144a8be
1885,66d87220f2daf46b3144a8bf
1890,66d87221f2daf46b3144a8e2
1888,66d87221f2daf46b3144a8e1
1891,66d87221f2daf46b3144a8e3
1892,66d87221f2daf46b3144a8e4
1889,66d87221f2daf46b3144a8e5
1893,66d87221f2daf46b3144a908
1894,66d87221f2daf46b3144a904
1897,66d87221f2daf46b3144a907
1896,66d87221f2daf46b3144a906
1895,66d87221f2daf46b3144a905
1898,66d87221f2daf46b3144a927
1899,66d87221f2daf46b3144a928
1902,66d87221f2daf46b3144a929
1901,66d87221f2daf46b3144a92d
1900,66d87221f2daf46b3144a92c
1903,66d87221f2daf46b3144a94c
1905,66d87221f2daf46b3144a94d
1907,66d87221f2daf46b3144a94b
1906,66d87221f2daf46b3144a94a
1904,66d87221f2daf46b3144a94e
1911,66d87222f2daf46b3144a96f
1909,66d87222f2daf46b3144a96d
1912,66d87222f2daf46b3144a971
1910,66d87222f2daf46b3144a96e
1908,66d87222f2daf46b3144a970
1913,66d87222f2daf46b3144a990
1917,66d87222f2daf46b3144a994
1915,66d87222f2daf46b3144a991
1916,66d87222f2daf46b3144a996
1914,66d87222f2daf46b3144a993
1919,66d87222f2daf46b3144a9b3
1920,66d87222f2daf46b3144a9b4
1918,66d87222f2daf46b3144a9b7
1921,66d87222f2daf46b3144a9b5
1922,66d87222f2daf46b3144a9b6
1925,66d87222f2daf46b3144a9d8
1923,66d87222f2daf46b3144a9d6
1924,66d87222f2daf46b3144a9da
1926,66d87222f2daf46b3144a9d7
1927,66d87222f2daf46b3144a9d9
1931,66d87223f2daf46b3144a9fa
1932,66d87223f2daf46b3144a9fd
1929,66d87223f2daf46b3144a9fb
1930,66d87223f2daf46b3144a9fc
1928,66d87223f2daf46b3144a9f9
1935,66d87223f2daf46b3144aa1d
1933,66d87223f2daf46b3144aa1c
1934,66d87223f2daf46b3144aa1e
1936,66d87223f2daf46b3144aa1f
1937,66d87223f2daf46b3144aa20
1938,66d87223f2daf46b3144aa3f
1940,66d87223f2daf46b3144aa40
1941,66d87223f2daf46b3144aa44
1939,66d87223f2daf46b3144aa42
1942,66d87223f2daf46b3144aa41
1944,66d87223f2daf46b3144aa62
1945,66d87223f2daf46b3144aa64
1947,66d87223f2daf46b3144aa63
1946,66d87223f2daf46b3144aa67
1943,66d87223f2daf46b3144aa66
1950,66d87224f2daf46b3144aa89
1948,66d87224f2daf46b3144aa86
1949,66d87224f2daf46b3144aa85
1951,66d87224f2daf46b3144aa87
1952,66d87224f2daf46b3144aa88
1955,66d87224f2daf46b3144aaaa
1954,66d87224f2daf46b3144aaa9
1957,66d87224f2daf46b3144aaac
1956,66d87224f2daf46b3144aaab
1953,66d87224f2daf46b3144aaa8
1960,66d87224f2daf46b3144aacd
1959,66d87224f2daf46b3144aacc
1962,66d87224f2daf46b3144aad3
1961,66d87224f2daf46b3144aacb
1958,66d87224f2daf46b3144aad0
1963,66d87224f2daf46b3144aaee
1967,66d87224f2daf46b3144aaf3
1964,66d87224f2daf46b3144aaf0
1965,66d87224f2daf46b3144aaf2
1966,66d87224f2daf46b3144aaf1
1969,66d87225f2daf46b3144ab11
1970,66d87225f2daf46b3144ab16
1972,66d87225f2daf46b3144ab14
1968,66d87225f2daf46b3144ab12
1971,66d87225f2daf46b3144ab13
1975,66d87225f2daf46b3144ab38
1976,66d87225f2daf46b3144ab34
1974,66d87225f2daf46b3144ab35
1977,66d87225f2daf46b3144ab37
1973,66d87225f2daf46b3144ab36
1981,66d87225f2daf46b3144ab5a
1982,66d87225f2daf46b3144ab5b
1978,66d87225f2daf46b3144ab57
1979,66d87225f2daf46b3144ab59
1980,66d87225f2daf46b3144ab58
1986,66d87225f2daf46b3144ab7b
1987,66d87225f2daf46b3144ab7e
1983,66d87225f2daf46b3144ab7a
1984,66d87225f2daf46b3144ab7d
1985,66d87225f2daf46b3144ab7c
1992,66d87225f2daf46b3144aba0
1990,66d87225f2daf46b3144ab9e
1989,66d87225f2daf46b3144ab9f
1988,66d87225f2daf46b3144ab9d
1991,66d87225f2daf46b3144aba2
1994,66d87226f2daf46b3144abc2
1996,66d87226f2daf46b3144abc1
1997,66d87226f2daf46b3144abc3
1995,66d87226f2daf46b3144abc4
1993,66d87226f2daf46b3144abc0
1999,66d87226f2daf46b3144abe5
2001,66d87226f2daf46b3144abe4
2002,66d87226f2daf46b3144abe6
1998,66d87226f2daf46b3144abe3
2000,66d87226f2daf46b3144abe7
2006,66d87226f2daf46b3144ac07
2007,66d87226f2daf46b3144ac0a
2004,66d87226f2daf46b3144ac09
2003,66d87226f2daf46b3144ac08
2005,66d87226f2daf46b3144ac06
2012,66d87227f2daf46b3144ac2b
2010,66d87227f2daf46b3144ac2d
2009,66d87226f2daf46b3144ac29
2008,66d87226f2daf46b3144ac2a
2011,66d87227f2daf46b3144ac2c
2016,66d87227f2daf46b3144ac4c
2014,66d87227f2daf46b3144ac4f
2017,66d87227f2daf46b3144ac4d
2015,66d87227f2daf46b3144ac52
2013,66d87227f2daf46b3144ac4e
2018,66d87227f2daf46b3144ac71
2021,66d87227f2daf46b3144ac72
2019,66d87227f2daf46b3144ac6f
2022,66d87227f2daf46b3144ac77
2020,66d87227f2daf46b3144ac70
2023,66d87227f2daf46b3144ac93
2026,66d87227f2daf46b3144ac96
2025,66d87227f2daf46b3144ac92
2027,66d87227f2daf46b3144ac99
2024,66d87227f2daf46b3144ac94
2032,66d87227f2daf46b3144acb9
2028,66d87227f2daf46b3144acb5
2029,66d87227f2daf46b3144acb6
2031,66d87227f2daf46b3144acb8
2030,66d87227f2daf46b3144acb7
2036,66d87228f2daf46b3144acd8
2033,66d87228f2daf46b3144acd9
2034,66d87228f2daf46b3144acdc
2035,66d87228f2daf46b3144acda
2037,66d87228f2daf46b3144acdb
2038,66d87228f2daf46b3144acfc
2041,66d87228f2daf46b3144acfd
2040,66d87228f2daf46b3144acfe
2039,66d87228f2daf46b3144acfb
2042,66d87228f2daf46b3144acff
2047,66d87228f2daf46b3144ad22
2044,66d87228f2daf46b3144ad20
2045,66d87228f2daf46b3144ad21
2046,66d87228f2daf46b3144ad1f
2043,66d87228f2daf46b3144ad1e
2049,66d87228f2daf46b3144ad43
2051,66d87228f2daf46b3144ad42
2048,66d87228f2daf46b3144ad41
2050,66d87228f2daf46b3144ad45
2052,66d87228f2daf46b3144ad44
2053,66d87229f2daf46b3144ad64
2057,66d87229f2daf46b3144ad67
2055,66d87229f2daf46b3144ad68
2056,66d87229f2daf46b3144ad66
2054,66d87229f2daf46b3144ad65
2061,66d87229f2daf46b3144ad88
2058,66d87229f2daf46b3144ad87
2062,66d87229f2daf46b3144ad8a
2059,66d87229f2daf46b3144ad89
2060,66d87229f2daf46b3144ad8f
2066,66d87229f2daf46b3144adad
2064,66d87229f2daf46b3144adac
2063,66d87229f2daf46b3144adaa
2065,66d87229f2daf46b3144adab
2067,66d87229f2daf46b3144adae
2068,66d87229f2daf46b3144adcd
2070,66d87229f2daf46b3144add0
2072,66d87229f2daf46b3144add2
2069,66d87229f2daf46b3144adcf
2071,66d87229f2daf46b3144adce
2073,66d8722af2daf46b3144adf1
2075,66d8722af2daf46b3144adf5
2074,66d8722af2daf46b3144adf0
2077,66d8722af2daf46b3144adf6
2076,66d8722af2daf46b3144adf2
2080,66d8722af2daf46b3144ae17
2078,66d8722af2daf46b3144ae13
2081,66d8722af2daf46b3144ae14
2082,66d8722af2daf46b3144ae16
2079,66d8722af2daf46b3144ae15
2087,66d8722af2daf46b3144ae3a
2083,66d8722af2daf46b3144ae37
2085,66d8722af2daf46b3144ae39
2084,66d8722af2daf46b3144ae36
2086,66d8722af2daf46b3144ae38
2089,66d8722af2daf46b3144ae59
2092,66d8722af2daf46b3144ae5c
2091,66d8722af2daf46b3144ae5a
2090,66d8722af2daf46b3144ae5b
2088,66d8722af2daf46b3144ae5e
2093,66d8722bf2daf46b3144ae7c
2095,66d8722bf2daf46b3144ae7d
2097,66d8722bf2daf46b3144ae7f
2094,66d8722bf2daf46b3144ae80
2096,66d8722bf2daf46b3144ae7e
2102,66d8722bf2daf46b3144aea4
2100,66d8722bf2daf46b3144aea1
2098,66d8722bf2daf46b3144aea0
2099,66d8722bf2daf46b3144aea2
2101,66d8722bf2daf46b3144ae9f
2103,66d8722bf2daf46b3144aec2
2105,66d8722bf2daf46b3144aec4
2104,66d8722bf2daf46b3144aec6
2107,66d8722bf2daf46b3144aec3
2106,66d8722bf2daf46b3144aec5
2112,66d8722bf2daf46b3144aee8
2110,66d8722bf2daf46b3144aee5
2109,66d8722bf2daf46b3144aee6
2108,66d8722bf2daf46b3144aee9
2111,66d8722bf2daf46b3144aee7
2113,66d8722cf2daf46b3144af09
2116,66d8722cf2daf46b3144af0b
2114,66d8722cf2daf46b3144af08
2117,66d8722cf2daf46b3144af0c
2115,66d8722cf2daf46b3144af0d
2120,66d8722cf2daf46b3144af2b
2122,66d8722cf2daf46b3144af2f
2118,66d8722cf2daf46b3144af2e
2119,66d8722cf2daf46b3144af2d
2121,66d8722cf2daf46b3144af2c
2125,66d8722cf2daf46b3144af4f
2123,66d8722cf2daf46b3144af4e
2126,66d8722cf2daf46b3144af51
2124,66d8722cf2daf46b3144af50
2127,66d8722cf2daf46b3144af52
2131,66d8722cf2daf46b3144af74
2130,66d8722cf2daf46b3144af73
2132,66d8722cf2daf46b3144af76
2129,66d8722cf2daf46b3144af71
2128,66d8722cf2daf46b3144af72
2134,66d8722df2daf46b3144af97
2135,66d8722df2daf46b3144af96
2133,66d8722df2daf46b3144af98
2137,66d8722df2daf46b3144af95
2136,66d8722df2daf46b3144af94
2139,66d8722df2daf46b3144afbb
2140,66d8722df2daf46b3144afb8
2142,66d8722df2daf46b3144afb9
2138,66d8722df2daf46b3144afb7
2141,66d8722df2daf46b3144afba
2145,66d8722df2daf46b3144afde
2144,66d8722df2daf46b3144afdb
2147,66d8722df2daf46b3144afdd
2146,66d8722df2daf46b3144afdc
2143,66d8722df2daf46b3144afda
2152,66d8722df2daf46b3144b000
2151,66d8722df2daf46b3144affe
2148,66d8722df2daf46b3144affd
2150,66d8722df2daf46b3144afff
2149,66d8722df2daf46b3144b001
2156,66d8722ef2daf46b3144b022
2155,66d8722ef2daf46b3144b023
2153,66d8722ef2daf46b3144b021
2157,66d8722ef2daf46b3144b024
2154,66d8722ef2daf46b3144b020
2158,66d8722ef2daf46b3144b047
2160,66d8722ef2daf46b3144b044
2161,66d8722ef2daf46b3144b043
2162,66d8722ef2daf46b3144b046
2159,66d8722ef2daf46b3144b045
2165,66d8722ef2daf46b3144b067
2167,66d8722ef2daf46b3144b069
2166,66d8722ef2daf46b3144b06b
2163,66d8722ef2daf46b3144b066
2164,66d8722ef2daf46b3144b06c
2170,66d8722ef2daf46b3144b08a
2169,66d8722ef2daf46b3144b089
2171,66d8722ef2daf46b3144b08e
2172,66d8722ef2daf46b3144b08b
2168,66d8722ef2daf46b3144b08c
2174,66d8722ff2daf46b3144b0ac
2173,66d8722ff2daf46b3144b0ae
2176,66d8722ff2daf46b3144b0ad
2177,66d8722ff2daf46b3144b0b0
2175,66d8722ff2daf46b3144b0af
2179,66d8722ff2daf46b3144b0d2
2182,66d8722ff2daf46b3144b0d3
2180,66d8722ff2daf46b3144b0d0
2178,66d8722ff2daf46b3144b0cf
2181,66d8722ff2daf46b3144b0d1
2187,66d8722ff2daf46b3144b0f6
2184,66d8722ff2daf46b3144b0f3
2186,66d8722ff2daf46b3144b0f5
2183,66d8722ff2daf46b3144b0f2
2185,66d8722ff2daf46b3144b0f4
2188,66d8722ff2daf46b3144b118
2190,66d8722ff2daf46b3144b117
2191,66d8722ff2daf46b3144b115
2192,66d8722ff2daf46b3144b119
2189,66d8722ff2daf46b3144b116
2196,66d87230f2daf46b3144b13b
2195,66d87230f2daf46b3144b13c
2197,66d87230f2daf46b3144b13a
2193,66d87230f2daf46b3144b138
2194,66d87230f2daf46b3144b139
2200,66d87230f2daf46b3144b15c
2199,66d87230f2daf46b3144b15d
2202,66d87230f2daf46b3144b15f
2198,66d87230f2daf46b3144b15b
2201,66d87230f2daf46b3144b15e
2205,66d87230f2daf46b3144b181
2207,66d87230f2daf46b3144b17f
2206,66d87230f2daf46b3144b182
2203,66d87230f2daf46b3144b180
2204,66d87230f2daf46b3144b17e
2208,66d87230f2daf46b3144b1a3
2212,66d87230f2daf46b3144b1a6
2210,66d87230f2daf46b3144b1a5
2211,66d87230f2daf46b3144b1a1
2209,66d87230f2daf46b3144b1a2
2216,66d87231f2daf46b3144b1c8
2213,66d87231f2daf46b3144b1c4
2214,66d87231f2daf46b3144b1c5
2217,66d87231f2daf46b3144b1c6
2215,66d87231f2daf46b3144b1c7
2220,66d87231f2daf46b3144b1eb
2221,66d87231f2daf46b3144b1ea
2218,66d87231f2daf46b3144b1e7
2219,66d87231f2daf46b3144b1e8
2222,66d87231f2daf46b3144b1ec
2223,66d87231f2daf46b3144b20a
2224,66d87231f2daf46b3144b20b
2225,66d87231f2daf46b3144b20d
2227,66d87231f2daf46b3144b20f
2226,66d87231f2daf46b3144b20c
2230,66d87231f2daf46b3144b22d
2228,66d87231f2daf46b3144b22f
2232,66d87231f2daf46b3144b231
2231,66d87231f2daf46b3144b22e
2229,66d87231f2daf46b3144b230
2236,66d87232f2daf46b3144b251
2234,66d87232f2daf46b3144b252
2233,66d87232f2daf46b3144b250
2237,66d87232f2daf46b3144b253
2235,66d87232f2daf46b3144b254
2242,66d87232f2daf46b3144b278
2240,66d87232f2daf46b3144b276
2239,66d87232f2daf46b3144b275
2238,66d87232f2daf46b3144b273
2241,66d87232f2daf46b3144b274
2243,66d87232f2daf46b3144b297
2244,66d87232f2daf46b3144b296
2245,66d87232f2daf46b3144b29a
2246,66d87232f2daf46b3144b299
2247,66d87232f2daf46b3144b29c
2250,66d87232f2daf46b3144b2bb
2251,66d87232f2daf46b3144b2ba
2248,66d87232f2daf46b3144b2b9
2252,66d87232f2daf46b3144b2bc
2249,66d87232f2daf46b3144b2bd
2255,66d87233f2daf46b3144b2dd
2254,66d87233f2daf46b3144b2df
2257,66d87233f2daf46b3144b2e0
2253,66d87233f2daf46b3144b2de
2256,66d87233f2daf46b3144b2dc
2262,66d87233f2daf46b3144b300
2260,66d87233f2daf46b3144b301
2259,66d87233f2daf46b3144b2ff
2261,66d87233f2daf46b3144b303
2258,66d87233f2daf46b3144b302
2263,66d87233f2daf46b3144b322
2265,66d87233f2daf46b3144b323
2266,66d87233f2daf46b3144b326
2264,66d87233f2daf46b3144b325
2267,66d87233f2daf46b3144b324
2270,66d87233f2daf46b3144b347
2268,66d87233f2daf46b3144b345
2272,66d87233f2daf46b3144b348
2269,66d87233f2daf46b3144b346
2271,66d87233f2daf46b3144b349
2273,66d87234f2daf46b3144b369
2277,66d87234f2daf46b3144b368
2274,66d87234f2daf46b3144b36a
2275,66d87234f2daf46b3144b36b
2276,66d87234f2daf46b3144b36c
2280,66d87234f2daf46b3144b38f
2278,66d87234f2daf46b3144b38b
2282,66d87234f2daf46b3144b390
2279,66d87234f2daf46b3144b38e
2281,66d87234f2daf46b3144b38c
2285,66d87234f2daf46b3144b3b0
2283,66d87234f2daf46b3144b3ae
2286,66d87234f2daf46b3144b3af
2284,66d87234f2daf46b3144b3b3
2287,66d87234f2daf46b3144b3b1
2289,66d87234f2daf46b3144b3d4
2291,66d87234f2daf46b3144b3d3
2292,66d87234f2daf46b3144b3d7
2288,66d87234f2daf46b3144b3d1
2290,66d87234f2daf46b3144b3d2
2297,66d87235f2daf46b3144b3f8
2294,66d87235f2daf46b3144b3f5
2293,66d87235f2daf46b3144b3f4
2296,66d87235f2daf46b3144b3f7
2295,66d87235f2daf46b3144b3f6
2302,66d87235f2daf46b3144b418
2299,66d87235f2daf46b3144b419
2301,66d87235f2daf46b3144b41a
2300,66d87235f2daf46b3144b417
2298,66d87235f2daf46b3144b41b
2307,66d87235f2daf46b3144b43e
2303,66d87235f2daf46b3144b43c
2306,66d87235f2daf46b3144b43d
2304,66d87235f2daf46b3144b43a
2305,66d87235f2daf46b3144b43b
2312,66d87235f2daf46b3144b460
2311,66d87235f2daf46b3144b45e
2310,66d87235f2daf46b3144b45f
2308,66d87235f2daf46b3144b45d
2309,66d87235f2daf46b3144b462
2313,66d87236f2daf46b3144b480
2314,66d87236f2daf46b3144b481
2317,66d87236f2daf46b3144b489
2316,66d87236f2daf46b3144b483
2315,66d87236f2daf46b3144b486
2321,66d87236f2daf46b3144b4a3
2322,66d87236f2daf46b3144b4a5
2319,66d87236f2daf46b3144b4aa
2320,66d87236f2daf46b3144b4a4
2318,66d87236f2daf46b3144b4a6
2325,66d87236f2daf46b3144b4c6
2324,66d87236f2daf46b3144b4cc
2327,66d87236f2daf46b3144b4c8
2326,66d87236f2daf46b3144b4c9
2323,66d87236f2daf46b3144b4c7
2332,66d87236f2daf46b3144b4ed
2328,66d87236f2daf46b3144b4ea
2331,66d87236f2daf46b3144b4eb
2330,66d87236f2daf46b3144b4e9
2329,66d87236f2daf46b3144b4ec
2337,66d87237f2daf46b3144b50e
2333,66d87237f2daf46b3144b50c
2336,66d87237f2daf46b3144b50d
2335,66d87237f2daf46b3144b50f
2334,66d87237f2daf46b3144b510
2339,66d87237f2daf46b3144b530
2341,66d87237f2daf46b3144b52f
2342,66d87237f2daf46b3144b535
2340,66d87237f2daf46b3144b534
2338,66d87237f2daf46b3144b531
2344,66d87237f2daf46b3144b556
2343,66d87237f2daf46b3144b555
2346,66d87237f2daf46b3144b552
2347,66d87237f2daf46b3144b553
2345,66d87237f2daf46b3144b554
2349,66d87237f2daf46b3144b575
2351,66d87237f2daf46b3144b578
2350,66d87237f2daf46b3144b576
2348,66d87237f2daf46b3144b577
2352,66d87237f2daf46b3144b579
2357,66d87238f2daf46b3144b599
2354,66d87238f2daf46b3144b59c
2356,66d87238f2daf46b3144b598
2355,66d87238f2daf46b3144b59a
2353,66d87238f2daf46b3144b59d
2362,66d87238f2daf46b3144b5bd
2359,66d87238f2daf46b3144b5bb
2361,66d87238f2daf46b3144b5be
2358,66d87238f2daf46b3144b5bc
2360,66d87238f2daf46b3144b5bf
2364,66d87238f2daf46b3144b5df
2363,66d87238f2daf46b3144b5e0
2366,66d87238f2daf46b3144b5de
2365,66d87238f2daf46b3144b5e2
2367,66d87238f2daf46b3144b5e1
2371,66d87238f2daf46b3144b603
2370,66d87238f2daf46b3144b604
2369,66d87238f2daf46b3144b602
2368,66d87238f2daf46b3144b601
2372,66d87238f2daf46b3144b605
2373,66d87239f2daf46b3144b625
2377,66d87239f2daf46b3144b626
2376,66d87239f2daf46b3144b628
2375,66d87239f2daf46b3144b627
2374,66d87239f2daf46b3144b624
2381,66d87239f2daf46b3144b649
2379,66d87239f2daf46b3144b647
2382,66d87239f2daf46b3144b64f
2378,66d87239f2daf46b3144b64a
2380,66d87239f2daf46b3144b648
2383,66d87239f2daf46b3144b66b
2384,66d87239f2daf46b3144b66e
2387,66d87239f2daf46b3144b66a
2386,66d87239f2daf46b3144b66d
2385,66d87239f2daf46b3144b66c
2388,66d87239f2daf46b3144b68d
2392,66d87239f2daf46b3144b690
2390,66d87239f2daf46b3144b68f
2389,66d87239f2daf46b3144b68e
2391,66d87239f2daf46b3144b691
2393,66d8723af2daf46b3144b6b0
2397,66d8723af2daf46b3144b6b3
2394,66d8723af2daf46b3144b6b4
2396,66d8723af2daf46b3144b6b1
2395,66d8723af2daf46b3144b6b2
2399,66d8723af2daf46b3144b6d3
2398,66d8723af2daf46b3144b6d6
2400,66d8723af2daf46b3144b6d5
2401,66d8723af2daf46b3144b6d4
2402,66d8723af2daf46b3144b6d7
2403,66d8723af2daf46b3144b6f6
2407,66d8723af2daf46b3144b6f7
2405,66d8723af2daf46b3144b6f8
2406,66d8723af2daf46b3144b6f9
2404,66d8723af2daf46b3144b6fb
2411,66d8723af2daf46b3144b71c
2408,66d8723af2daf46b3144b71a
2410,66d8723af2daf46b3144b71b
2412,66d8723af2daf46b3144b71f
2409,66d8723af2daf46b3144b719
2414,66d8723bf2daf46b3144b73c
2415,66d8723bf2daf46b3144b740
2413,66d8723bf2daf46b3144b73d
2416,66d8723bf2daf46b3144b73e
2417,66d8723bf2daf46b3144b73f
2420,66d8723bf2daf46b3144b762
2419,66d8723bf2daf46b3144b760
2422,66d8723bf2daf46b3144b763
2421,66d8723bf2daf46b3144b761
2418,66d8723bf2daf46b3144b75f
2426,66d8723bf2daf46b3144b783
2424,66d8723bf2daf46b3144b786
2425,66d8723bf2daf46b3144b784
2427,66d8723bf2daf46b3144b785
2423,66d8723bf2daf46b3144b782
2432,66d8723bf2daf46b3144b7a9
2428,66d8723bf2daf46b3144b7a7
2430,66d8723bf2daf46b3144b7a8
2429,66d8723bf2daf46b3144b7a6
2431,66d8723bf2daf46b3144b7a5
2434,66d8723cf2daf46b3144b7cd
2433,66d8723cf2daf46b3144b7c8
2435,66d8723cf2daf46b3144b7cc
2436,66d8723cf2daf46b3144b7cb
2437,66d8723cf2daf46b3144b7c9
2441,66d8723cf2daf46b3144b7eb
2440,66d8723cf2daf46b3144b7ee
2442,66d8723cf2daf46b3144b7f2
2439,66d8723cf2daf46b3144b7ed
2438,66d8723cf2daf46b3144b7ec
2446,66d8723cf2daf46b3144b812
2445,66d8723cf2daf46b3144b80f
2443,66d8723cf2daf46b3144b80e
2447,66d8723cf2daf46b3144b813
2444,66d8723cf2daf46b3144b810
2449,66d8723cf2daf46b3144b832
2452,66d8723cf2daf46b3144b835
2448,66d8723cf2daf46b3144b831
2451,66d8723cf2daf46b3144b834
2450,66d8723cf2daf46b3144b833
2456,66d8723df2daf46b3144b856
2457,66d8723df2daf46b3144b855
2454,66d8723df2daf46b3144b859
2455,66d8723df2daf46b3144b854
2453,66d8723df2daf46b3144b857
2461,66d8723df2daf46b3144b879
2462,66d8723df2daf46b3144b877
2458,66d8723df2daf46b3144b878
2460,66d8723df2daf46b3144b87a
2459,66d8723df2daf46b3144b87b
2463,66d8723df2daf46b3144b89a
2467,66d8723df2daf46b3144b89d
2466,66d8723df2daf46b3144b89b
2465,66d8723df2daf46b3144b89e
2464,66d8723df2daf46b3144b89c
2471,66d8723df2daf46b3144b8bf
2470,66d8723df2daf46b3144b8be
2468,66d8723df2daf46b3144b8bd
2469,66d8723df2daf46b3144b8c1
2472,66d8723df2daf46b3144b8c0
2473,66d8723ef2daf46b3144b8e1
2476,66d8723ef2daf46b3144b8e4
2474,66d8723ef2daf46b3144b8e2
2475,66d8723ef2daf46b3144b8e0
2477,66d8723ef2daf46b3144b8e3
2478,66d8723ef2daf46b3144b905
2479,66d8723ef2daf46b3144b906
2480,66d8723ef2daf46b3144b903
2481,66d8723ef2daf46b3144b907
2482,66d8723ef2daf46b3144b904
2485,66d8723ef2daf46b3144b927
2484,66d8723ef2daf46b3144b926
2486,66d8723ef2daf46b3144b928
2483,66d8723ef2daf46b3144b929
2487,66d8723ef2daf46b3144b92a
2488,66d8723ff2daf46b3144b94b
2491,66d8723ff2daf46b3144b94d
2492,66d8723ff2daf46b3144b94c
2489,66d8723ff2daf46b3144b94a
2490,66d8723ff2daf46b3144b949
2497,66d8723ff2daf46b3144b96e
2496,66d8723ff2daf46b3144b96d
2495,66d8723ff2daf46b3144b970
2493,66d8723ff2daf46b3144b96c
2494,66d8723ff2daf46b3144b96f
2500,66d8723ff2daf46b3144b990
2498,66d8723ff2daf46b3144b98f
2499,66d8723ff2daf46b3144b993
2501,66d8723ff2daf46b3144b992
2502,66d8723ff2daf46b3144b991
2506,66d87240f2daf46b3144b9b3
2504,66d87240f2daf46b3144b9b4
2503,66d87240f2daf46b3144b9b7
2505,66d87240f2daf46b3144b9b5
2507,66d87240f2daf46b3144b9b2
2511,66d87240f2daf46b3144b9d6
2509,66d87240f2daf46b3144b9d5
2512,66d87240f2daf46b3144b9d8
2510,66d87240f2daf46b3144b9d7
2508,66d87240f2daf46b3144b9da
2515,66d87240f2daf46b3144b9fc
2516,66d87240f2daf46b3144b9f9
2517,66d87240f2daf46b3144b9fa
2513,66d87240f2daf46b3144b9f8
2514,66d87240f2daf46b3144b9fb
2519,66d87240f2daf46b3144ba1c
2518,66d87240f2daf46b3144ba1d
2520,66d87240f2daf46b3144ba22
2522,66d87240f2daf46b3144ba1e
2521,66d87240f2daf46b3144ba1b
2526,66d87240f2daf46b3144ba42
2524,66d87240f2daf46b3144ba41
2525,66d87240f2daf46b3144ba40
2523,66d87240f2daf46b3144ba3f
2527,66d87240f2daf46b3144ba3e
2528,66d87241f2daf46b3144ba62
2529,66d87241f2daf46b3144ba61
2532,66d87241f2daf46b3144ba65
2530,66d87241f2daf46b3144ba64
2531,66d87241f2daf46b3144ba63
2534,66d87241f2daf46b3144ba87
2536,66d87241f2daf46b3144ba85
2535,66d87241f2daf46b3144ba86
2537,66d87241f2daf46b3144ba88
2533,66d87241f2daf46b3144ba84
2538,66d87241f2daf46b3144baa8
2542,66d87241f2daf46b3144baab
2539,66d87241f2daf46b3144baa9
2541,66d87241f2daf46b3144baa7
2540,66d87241f2daf46b3144baaa
2543,66d87242f2daf46b3144bacb
2545,66d87242f2daf46b3144bacd
2544,66d87242f2daf46b3144bace
2546,66d87242f2daf46b3144baca
2547,66d87242f2daf46b3144bacc
2548,66d87242f2daf46b3144baed
2550,66d87242f2daf46b3144baef
2549,66d87242f2daf46b3144baee
2551,66d87242f2daf46b3144baf0
2552,66d87242f2daf46b3144baf4
2557,66d87242f2daf46b3144bb13
2554,66d87242f2daf46b3144bb10
2553,66d87242f2daf46b3144bb11
2555,66d87242f2daf46b3144bb12
2556,66d87242f2daf46b3144bb14
2562,66d87242f2daf46b3144bb37
2558,66d87242f2daf46b3144bb34
2559,66d87242f2daf46b3144bb33
2560,66d87242f2daf46b3144bb35
2561,66d87242f2daf46b3144bb36
2566,66d87242f2daf46b3144bb5b
2565,66d87242f2daf46b3144bb58
2564,66d87242f2daf46b3144bb56
2567,66d87242f2daf46b3144bb5c
2563,66d87242f2daf46b3144bb57
2568,66d87243f2daf46b3144bb7a
2570,66d87243f2daf46b3144bb7b
2572,66d87243f2daf46b3144bb79
2571,66d87243f2daf46b3144bb7c
2569,66d87243f2daf46b3144bb7d
2573,66d87243f2daf46b3144bb9c
2576,66d87243f2daf46b3144bb9e
2574,66d87243f2daf46b3144bb9d
2575,66d87243f2daf46b3144bba1
2577,66d87243f2daf46b3144bb9f
2581,66d87243f2daf46b3144bbc0
2580,66d87243f2daf46b3144bbbf
2582,66d87243f2daf46b3144bbc4
2578,66d87243f2daf46b3144bbc5
2579,66d87243f2daf46b3144bbc1
2583,66d87243f2daf46b3144bbe8
2587,66d87243f2daf46b3144bbe5
2585,66d87243f2daf46b3144bbe3
2584,66d87243f2daf46b3144bbe2
2586,66d87243f2daf46b3144bbe4
2589,66d87244f2daf46b3144bc07
2590,66d87244f2daf46b3144bc09
2588,66d87244f2daf46b3144bc06
2592,66d87244f2daf46b3144bc08
2591,66d87244f2daf46b3144bc05
2593,66d87244f2daf46b3144bc2a
2594,66d87244f2daf46b3144bc28
2595,66d87244f2daf46b3144bc29
2597,66d87244f2daf46b3144bc2b
2596,66d87244f2daf46b3144bc2c
2598,66d87244f2daf46b3144bc4b
2601,66d87244f2daf46b3144bc50
2602,66d87244f2daf46b3144bc4d
2599,66d87244f2daf46b3144bc4c
2600,66d87244f2daf46b3144bc4e
2606,66d87245f2daf46b3144bc6f
2605,66d87245f2daf46b3144bc6e
2607,66d87245f2daf46b3144bc70
2603,66d87245f2daf46b3144bc72
2604,66d87245f2daf46b3144bc75
2608,66d87245f2daf46b3144bc92
2610,66d87245f2daf46b3144bc93
2611,66d87245f2daf46b3144bc91
2609,66d87245f2daf46b3144bc94
2612,66d87245f2daf46b3144bc96
2616,66d87245f2daf46b3144bcb5
2613,66d87245f2daf46b3144bcb4
2615,66d87245f2daf46b3144bcb7
2614,66d87245f2daf46b3144bcb6
2617,66d87245f2daf46b3144bcb9
2619,66d87245f2daf46b3144bcd8
2620,66d87245f2daf46b3144bcda
2621,66d87245f2daf46b3144bcd9
2622,66d87245f2daf46b3144bcde
2618,66d87245f2daf46b3144bcd7
2624,66d87245f2daf46b3144bcfa
2623,66d87245f2daf46b3144bcfc
2626,66d87245f2daf46b3144bcfb
2627,66d87245f2daf46b3144bcfe
2625,66d87245f2daf46b3144bcfd
2630,66d87246f2daf46b3144bd1e
2628,66d87246f2daf46b3144bd1f
2629,66d87246f2daf46b3144bd20
2631,66d87246f2daf46b3144bd21
2632,66d87246f2daf46b3144bd1d
2636,66d87246f2daf46b3144bd44
2635,66d87246f2daf46b3144bd41
2637,66d87246f2daf46b3144bd43
2633,66d87246f2daf46b3144bd40
2634,66d87246f2daf46b3144bd42
2642,66d87246f2daf46b3144bd67
2641,66d87246f2daf46b3144bd65
2638,66d87246f2daf46b3144bd63
2640,66d87246f2daf46b3144bd66
2639,66d87246f2daf46b3144bd64
2645,66d87246f2daf46b3144bd86
2643,66d87246f2daf46b3144bd88
2647,66d87246f2daf46b3144bd89
2644,66d87246f2daf46b3144bd8a
2646,66d87246f2daf46b3144bd87
2648,66d87247f2daf46b3144bdab
2651,66d87247f2daf46b3144bda9
2649,66d87247f2daf46b3144bdaa
2652,66d87247f2daf46b3144bdad
2650,66d87247f2daf46b3144bdac
2655,66d87247f2daf46b3144bdce
2656,66d87247f2daf46b3144bdcd
2654,66d87247f2daf46b3144bdcf
2657,66d87247f2daf46b3144bdd0
2653,66d87247f2daf46b3144bdcc
2658,66d87247f2daf46b3144bdf3
2662,66d87247f2daf46b3144bdf0
2661,66d87247f2daf46b3144bdf2
2660,66d87247f2daf46b3144bdef
2659,66d87247f2daf46b3144bdf1
2666,66d87247f2daf46b3144be13
2664,66d87247f2daf46b3144be12
2667,66d87247f2daf46b3144be15
2663,66d87247f2daf46b3144be16
2665,66d87247f2daf46b3144be14
2669,66d87248f2daf46b3144be36
2670,66d87248f2daf46b3144be38
2672,66d87248f2daf46b3144be3a
2671,66d87248f2daf46b3144be37
2668,66d87248f2daf46b3144be35
2675,66d87248f2daf46b3144be5a
2674,66d87248f2daf46b3144be58
2673,66d87248f2daf46b3144be59
2677,66d87248f2daf46b3144be5d
2676,66d87248f2daf46b3144be5b
2681,66d87248f2daf46b3144be7d
2682,66d87248f2daf46b3144be7e
2679,66d87248f2daf46b3144be7f
2680,66d87248f2daf46b3144be7b
2678,66d87248f2daf46b3144be7c
2683,66d87248f2daf46b3144be9e
2684,66d87248f2daf46b3144bea0
2687,66d87248f2daf46b3144bea2
2685,66d87248f2daf46b3144bea1
2686,66d87248f2daf46b3144bea3
2692,66d87249f2daf46b3144bec4
2690,66d87249f2daf46b3144bec5
2688,66d87249f2daf46b3144bec3
2689,66d87249f2daf46b3144bec2
2691,66d87249f2daf46b3144bec1
2697,66d87249f2daf46b3144bee8
2696,66d87249f2daf46b3144bee6
2695,66d87249f2daf46b3144bee7
2694,66d87249f2daf46b3144bee5
2693,66d87249f2daf46b3144bee4
2701,66d87249f2daf46b3144bf0a
2702,66d87249f2daf46b3144bf08
2698,66d87249f2daf46b3144bf0b
2700,66d87249f2daf46b3144bf09
2699,66d87249f2daf46b3144bf07
2704,66d87249f2daf46b3144bf2a
2705,66d87249f2daf46b3144bf2c
2707,66d87249f2daf46b3144bf2d
2703,66d87249f2daf46b3144bf2b
2706,66d87249f2daf46b3144bf2e
2712,66d8724af2daf46b3144bf4d
2710,66d8724af2daf46b3144bf50
2711,66d8724af2daf46b3144bf51
2708,66d8724af2daf46b3144bf4f
2709,66d8724af2daf46b3144bf4e
2716,66d8724af2daf46b3144bf70
2713,66d8724af2daf46b3144bf71
2717,66d8724af2daf46b3144bf73
2714,66d8724af2daf46b3144bf72
2715,66d8724af2daf46b3144bf77
2720,66d8724af2daf46b3144bf95
2718,66d8724af2daf46b3144bf93
2722,66d8724af2daf46b3144bf98
2719,66d8724af2daf46b3144bf94
2721,66d8724af2daf46b3144bf97
2724,66d8724af2daf46b3144bfb9
2723,66d8724af2daf46b3144bfb6
2726,66d8724af2daf46b3144bfb8
2725,66d8724af2daf46b3144bfb7
2727,66d8724af2daf46b3144bfba
2729,66d8724bf2daf46b3144bfdc
2732,66d8724bf2daf46b3144bfdd
2731,66d8724bf2daf46b3144bfd9
2730,66d8724bf2daf46b3144bfdb
2728,66d8724bf2daf46b3144bfda
2734,66d8724bf2daf46b3144bffe
2737,66d8724bf2daf46b3144bfff
2735,66d8724bf2daf46b3144bffd
2733,66d8724bf2daf46b3144bffc
2736,66d8724bf2daf46b3144c002
2741,66d8724bf2daf46b3144c01f
2742,66d8724bf2daf46b3144c020
2738,66d8724bf2daf46b3144c022
2740,66d8724bf2daf46b3144c026
2739,66d8724bf2daf46b3144c021
2743,66d8724bf2daf46b3144c042
2746,66d8724bf2daf46b3144c046
2747,66d8724bf2daf46b3144c045
2744,66d8724bf2daf46b3144c044
2745,66d8724bf2daf46b3144c043
2750,66d8724cf2daf46b3144c069
2748,66d8724cf2daf46b3144c068
2752,66d8724cf2daf46b3144c067
2749,66d8724cf2daf46b3144c065
2751,66d8724cf2daf46b3144c066
2757,66d8724cf2daf46b3144c08b
2755,66d8724cf2daf46b3144c08c
2756,66d8724cf2daf46b3144c088
2754,66d8724cf2daf46b3144c089
2753,66d8724cf2daf46b3144c08a
2759,66d8724cf2daf46b3144c0af
2758,66d8724cf2daf46b3144c0ab
2762,66d8724cf2daf46b3144c0ac
2760,66d8724cf2daf46b3144c0ad
2761,66d8724cf2daf46b3144c0ae
2765,66d8724cf2daf46b3144c0cf
2764,66d8724cf2daf46b3144c0d5
2766,66d8724cf2daf46b3144c0d1
2763,66d8724cf2daf46b3144c0ce
2767,66d8724cf2daf46b3144c0d3
2769,66d8724cf2daf46b3144c0f1
2772,66d8724cf2daf46b3144c0f2
2770,66d8724cf2daf46b3144c0f5
2771,66d8724cf2daf46b3144c0f8
2768,66d8724cf2daf46b3144c0f3
2777,66d8724df2daf46b3144c116
2776,66d8724df2daf46b3144c115
2775,66d8724df2daf46b3144c114
2773,66d8724df2daf46b3144c118
2774,66d8724df2daf46b3144c117
2780,66d8724df2daf46b3144c137
2779,66d8724df2daf46b3144c139
2781,66d8724df2daf46b3144c13a
2778,66d8724df2daf46b3144c138
2782,66d8724df2daf46b3144c13b
2786,66d8724df2daf46b3144c15d
2783,66d8724df2daf46b3144c15a
2784,66d8724df2daf46b3144c15b
2787,66d8724df2daf46b3144c15c
2785,66d8724df2daf46b3144c161
2791,66d8724ef2daf46b3144c17e
2790,66d8724ef2daf46b3144c17f
2789,66d8724ef2daf46b3144c17d
2792,66d8724ef2daf46b3144c180
2788,66d8724ef2daf46b3144c181
2795,66d8724ef2daf46b3144c1a2
2793,66d8724ef2daf46b3144c1a0
2796,66d8724ef2daf46b3144c1a4
2797,66d8724ef2daf46b3144c1a3
2794,66d8724ef2daf46b3144c1a1
2802,66d8724ef2daf46b3144c1c7
2798,66d8724ef2daf46b3144c1c3
2800,66d8724ef2daf46b3144c1c5
2801,66d8724ef2daf46b3144c1c4
2799,66d8724ef2daf46b3144c1c6
2803,66d8724ef2daf46b3144c1e8
2804,66d8724ef2daf46b3144c1e6
2805,66d8724ef2daf46b3144c1e7
2807,66d8724ef2daf46b3144c1ea
2806,66d8724ef2daf46b3144c1e9
2809,66d8724ff2daf46b3144c209
2812,66d8724ff2daf46b3144c20b
2808,66d8724ff2daf46b3144c20a
2810,66d8724ff2daf46b3144c20d
2811,66d8724ff2daf46b3144c20c
2815,66d8724ff2daf46b3144c22c
2813,66d8724ff2daf46b3144c22f
2814,66d8724ff2daf46b3144c22e
2816,66d8724ff2daf46b3144c22d
2817,66d8724ff2daf46b3144c230
2818,66d8724ff2daf46b3144c24f
2821,66d8724ff2daf46b3144c250
2822,66d8724ff2daf46b3144c253
2819,66d8724ff2daf46b3144c252
2820,66d8724ff2daf46b3144c251
2825,66d8724ff2daf46b3144c274
2823,66d8724ff2daf46b3144c273
2826,66d8724ff2daf46b3144c272
2827,66d8724ff2daf46b3144c275
2824,66d8724ff2daf46b3144c276
2832,66d8724ff2daf46b3144c297
2830,66d8724ff2daf46b3144c296
2831,66d8724ff2daf46b3144c29a
2828,66d8724ff2daf46b3144c298
2829,66d8724ff2daf46b3144c295
2833,66d87250f2daf46b3144c2b9
2834,66d87250f2daf46b3144c2bb
2836,66d87250f2daf46b3144c2bc
2835,66d87250f2daf46b3144c2b8
2837,66d87250f2daf46b3144c2bd
2842,66d87250f2daf46b3144c2dd
2841,66d87250f2daf46b3144c2e0
2840,66d87250f2daf46b3144c2dc
2839,66d87250f2daf46b3144c2de
2838,66d87250f2daf46b3144c2db
2843,66d87250f2daf46b3144c2ff
2846,66d87250f2daf46b3144c2fe
2845,66d87250f2daf46b3144c301
2844,66d87250f2daf46b3144c300
2847,66d87250f2daf46b3144c302
2852,66d87250f2daf46b3144c324
2848,66d87250f2daf46b3144c323
2849,66d87250f2daf46b3144c322
2850,66d87250f2daf46b3144c325
2851,66d87250f2daf46b3144c321
2854,66d87251f2daf46b3144c345
2857,66d87251f2daf46b3144c346
2853,66d87251f2daf46b3144c344
2855,66d87251f2daf46b3144c348
2856,66d87251f2daf46b3144c347
2859,66d87251f2daf46b3144c369
2858,66d87251f2daf46b3144c367
2861,66d87251f2daf46b3144c36b
2862,66d87251f2daf46b3144c36a
2860,66d87251f2daf46b3144c368
2867,66d87251f2daf46b3144c38b
2864,66d87251f2daf46b3144c38e
2863,66d87251f2daf46b3144c38a
2866,66d87251f2daf46b3144c38c
2865,66d87251f2daf46b3144c38d
2869,66d87251f2daf46b3144c3ae
2870,66d87251f2daf46b3144c3af
2872,66d87251f2daf46b3144c3b0
2868,66d87251f2daf46b3144c3ad
2871,66d87251f2daf46b3144c3b2
2873,66d87252f2daf46b3144c3d0
2874,66d87252f2daf46b3144c3d3
2877,66d87252f2daf46b3144c3d2
2876,66d87252f2daf46b3144c3d4
2875,66d87252f2daf46b3144c3d1
2880,66d87252f2daf46b3144c3f7
2879,66d87252f2daf46b3144c3f6
2878,66d87252f2daf46b3144c3f3
2882,66d87252f2daf46b3144c3f4
2881,66d87252f2daf46b3144c3f5
2887,66d87252f2daf46b3144c419
2885,66d87252f2daf46b3144c417
2884,66d87252f2daf46b3144c416
2883,66d87252f2daf46b3144c418
2886,66d87252f2daf46b3144c41a
2888,66d87252f2daf46b3144c43b
2889,66d87252f2daf46b3144c43a
2891,66d87252f2daf46b3144c43d
2890,66d87252f2daf46b3144c439
2892,66d87252f2daf46b3144c43c
2896,66d87253f2daf46b3144c45d
2893,66d87253f2daf46b3144c460
2894,66d87253f2daf46b3144c45f
2897,66d87253f2daf46b3144c45e
2895,66d87253f2daf46b3144c45c
2900,66d87253f2daf46b3144c482
2898,66d87253f2daf46b3144c480
2902,66d87253f2daf46b3144c483
2899,66d87253f2daf46b3144c481
2901,66d87253f2daf46b3144c47f
2906,66d87253f2daf46b3144c4a4
2904,66d87253f2daf46b3144c4a6
2907,66d87253f2daf46b3144c4a2
2903,66d87253f2daf46b3144c4a3
2905,66d87253f2daf46b3144c4a8
2909,66d87253f2daf46b3144c4c8
2912,66d87253f2daf46b3144c4c7
2911,66d87253f2daf46b3144c4c5
2908,66d87253f2daf46b3144c4c6
2910,66d87253f2daf46b3144c4c9
2913,66d87254f2daf46b3144c4ea
2915,66d87254f2daf46b3144c4e8
2914,66d87254f2daf46b3144c4e9
2916,66d87254f2daf46b3144c4eb
2917,66d87254f2daf46b3144c4ec
2921,66d87254f2daf46b3144c50f
2922,66d87254f2daf46b3144c512
2920,66d87254f2daf46b3144c50b
2919,66d87254f2daf46b3144c50d
2918,66d87254f2daf46b3144c50c
2923,66d87254f2daf46b3144c530
2925,66d87254f2daf46b3144c532
2926,66d87254f2daf46b3144c52e
2927,66d87254f2daf46b3144c533
2924,66d87254f2daf46b3144c52f
2931,66d87254f2daf46b3144c551
2929,66d87254f2daf46b3144c555
2930,66d87254f2daf46b3144c552
2928,66d87254f2daf46b3144c558
2932,66d87254f2daf46b3144c553
2934,66d87255f2daf46b3144c574
2936,66d87255f2daf46b3144c578
2937,66d87255f2daf46b3144c577
2935,66d87255f2daf46b3144c575
2933,66d87255f2daf46b3144c576
2940,66d87255f2daf46b3144c59a
2939,66d87255f2daf46b3144c599
2938,66d87255f2daf46b3144c597
2941,66d87255f2daf46b3144c598
2942,66d87255f2daf46b3144c59b
2943,66d87255f2daf46b3144c5ba
2946,66d87255f2daf46b3144c5bf
2945,66d87255f2daf46b3144c5bb
2947,66d87255f2daf46b3144c5bd
2944,66d87255f2daf46b3144c5bc
2949,66d87255f2daf46b3144c5dd
2950,66d87255f2daf46b3144c5e1
2948,66d87255f2daf46b3144c5e2
2951,66d87255f2daf46b3144c5de
2952,66d87255f2daf46b3144c5df
2955,66d87256f2daf46b3144c601
2953,66d87256f2daf46b3144c603
2956,66d87256f2daf46b3144c600
2957,66d87256f2daf46b3144c602
2954,66d87256f2daf46b3144c61c
2962,66d87256f2daf46b3144c627
2960,66d87256f2daf46b3144c625
2958,66d87256f2daf46b3144c624
2959,66d87256f2daf46b3144c626
2961,66d87256f2daf46b3144c623
2967,66d87256f2daf46b3144c64a
2964,66d87256f2daf46b3144c646
2965,66d87256f2daf46b3144c649
2966,66d87256f2daf46b3144c648
2963,66d87256f2daf46b3144c647
2968,66d87256f2daf46b3144c669
2970,66d87256f2daf46b3144c66a
2972,66d87256f2daf46b3144c66c
2971,66d87256f2daf46b3144c675
2969,66d87256f2daf46b3144c676
2974,66d87256f2daf46b3144c68e
2977,66d87256f2daf46b3144c68f
2976,66d87256f2daf46b3144c68d
2975,66d87256f2daf46b3144c68c
2973,66d87257f2daf46b3144c6a8
2978,66d87257f2daf46b3144c6b2
2980,66d87257f2daf46b3144c6b1
2979,66d87257f2daf46b3144c6af
2982,66d87257f2daf46b3144c6b0
2981,66d87257f2daf46b3144c6b3
2984,66d87257f2daf46b3144c6d2
2986,66d87257f2daf46b3144c6d3
2985,66d87257f2daf46b3144c6d4
2983,66d87257f2daf46b3144c6d5
2987,66d87257f2daf46b3144c6d8
2992,66d87257f2daf46b3144c6f9
2991,66d87257f2daf46b3144c6f7
2990,66d87257f2daf46b3144c6f6
2989,66d87257f2daf46b3144c6f5
2988,66d87257f2daf46b3144c6f8
2995,66d87257f2daf46b3144c71a
2993,66d87257f2daf46b3144c719
2994,66d87257f2daf46b3144c71b
2996,66d87257f2daf46b3144c718
2997,66d87257f2daf46b3144c71c
3000,66d87258f2daf46b3144c73b
2999,66d87258f2daf46b3144c73e
3001,66d87258f2daf46b3144c73f
3002,66d87258f2daf46b3144c73c
2998,66d87258f2daf46b3144c73d
3005,66d87258f2daf46b3144c75f
3004,66d87258f2daf46b3144c75e
3006,66d87258f2daf46b3144c761
3003,66d87258f2daf46b3144c762
3007,66d87258f2daf46b3144c760
3008,66d87258f2daf46b3144c781
3011,66d87258f2daf46b3144c785
3009,66d87258f2daf46b3144c786
3010,66d87258f2daf46b3144c782
3012,66d87258f2daf46b3144c787
3014,66d87258f2daf46b3144c7a5
3017,66d87258f2daf46b3144c7a6
3016,66d87258f2daf46b3144c7a4
3015,66d87258f2daf46b3144c7a8
3013,66d87258f2daf46b3144c7a7
3018,66d87259f2daf46b3144c7c7
3021,66d87259f2daf46b3144c7ca
3020,66d87259f2daf46b3144c7ce
3022,66d87259f2daf46b3144c7cc
3019,66d87259f2daf46b3144c7c8
3025,66d87259f2daf46b3144c7ec
3026,66d87259f2daf46b3144c7eb
3023,66d87259f2daf46b3144c7ed
3024,66d87259f2daf46b3144c7ee
3027,66d87259f2daf46b3144c7ea
3031,66d87259f2daf46b3144c811
3030,66d87259f2daf46b3144c80d
3029,66d87259f2daf46b3144c80f
3028,66d87259f2daf46b3144c80e
3032,66d87259f2daf46b3144c816
3033,66d87259f2daf46b3144c830
3035,66d87259f2daf46b3144c833
3036,66d87259f2daf46b3144c835
3034,66d87259f2daf46b3144c831
3037,66d87259f2daf46b3144c832
3039,66d8725af2daf46b3144c857
3040,66d8725af2daf46b3144c854
3038,66d8725af2daf46b3144c856
3041,66d8725af2daf46b3144c855
3042,66d8725af2daf46b3144c853
3043,66d8725af2daf46b3144c878
3046,66d8725af2daf46b3144c87a
3047,66d8725af2daf46b3144c877
3044,66d8725af2daf46b3144c879
3045,66d8725af2daf46b3144c876
3050,66d8725af2daf46b3144c89a
3049,66d8725af2daf46b3144c89b
3051,66d8725af2daf46b3144c89c
3052,66d8725af2daf46b3144c89d
3048,66d8725af2daf46b3144c899
3056,66d8725af2daf46b3144c8bc
3055,66d8725af2daf46b3144c8c0
3053,66d8725af2daf46b3144c8bd
3054,66d8725af2daf46b3144c8be
3057,66d8725af2daf46b3144c8bf
3059,66d8725bf2daf46b3144c8e0
3058,66d8725bf2daf46b3144c8df
3060,66d8725bf2daf46b3144c8e6
3061,66d8725bf2daf46b3144c8e2
3062,66d8725bf2daf46b3144c8e1
3064,66d8725bf2daf46b3144c904
3066,66d8725bf2daf46b3144c902
3067,66d8725bf2daf46b3144c907
3063,66d8725bf2daf46b3144c903
3065,66d8725bf2daf46b3144c905
3071,66d8725bf2daf46b3144c925
3072,66d8725bf2daf46b3144c929
3070,66d8725bf2daf46b3144c927
3069,66d8725bf2daf46b3144c928
3068,66d8725bf2daf46b3144c926
3077,66d8725bf2daf46b3144c94c
3074,66d8725bf2daf46b3144c948
3076,66d8725bf2daf46b3144c949
3075,66d8725bf2daf46b3144c94a
3073,66d8725bf2daf46b3144c94b
3082,66d8725cf2daf46b3144c96c
3080,66d8725cf2daf46b3144c96e
3081,66d8725cf2daf46b3144c96f
3078,66d8725cf2daf46b3144c96b
3079,66d8725cf2daf46b3144c96d
3083,66d8725cf2daf46b3144c990
3086,66d8725cf2daf46b3144c98f
3085,66d8725cf2daf46b3144c98e
3087,66d8725cf2daf46b3144c992
3084,66d8725cf2daf46b3144c991
3089,66d8725cf2daf46b3144c9b2
3088,66d8725cf2daf46b3144c9b3
3091,66d8725cf2daf46b3144c9b4
3090,66d8725cf2daf46b3144c9b1
3092,66d8725cf2daf46b3144c9b8
3095,66d8725cf2daf46b3144c9d5
3093,66d8725cf2daf46b3144c9d8
3094,66d8725cf2daf46b3144c9d4
3096,66d8725cf2daf46b3144c9d6
3097,66d8725cf2daf46b3144c9d7
3102,66d8725df2daf46b3144c9f7
3098,66d8725df2daf46b3144c9f9
3099,66d8725df2daf46b3144c9fa
3100,66d8725df2daf46b3144c9fb
3101,66d8725df2daf46b3144c9f8
3107,66d8725df2daf46b3144ca1b
3106,66d8725df2daf46b3144ca1c
3105,66d8725df2daf46b3144ca1e
3104,66d8725df2daf46b3144ca1a
3103,66d8725df2daf46b3144ca1d
3112,66d8725df2daf46b3144ca42
3111,66d8725df2daf46b3144ca3f
3108,66d8725df2daf46b3144ca3e
3110,66d8725df2daf46b3144ca40
3109,66d8725df2daf46b3144ca3d
3116,66d8725df2daf46b3144ca60
3115,66d8725df2daf46b3144ca64
3117,66d8725df2daf46b3144ca65
3114,66d8725df2daf46b3144ca62
3113,66d8725df2daf46b3144ca63
3118,66d8725ef2daf46b3144ca83
3120,66d8725ef2daf46b3144ca87
3121,66d8725ef2daf46b3144ca84
3122,66d8725ef2daf46b3144ca86
3119,66d8725ef2daf46b3144ca85
3127,66d8725ef2daf46b3144caa9
3125,66d8725ef2daf46b3144caaa
3124,66d8725ef2daf46b3144caa7
3123,66d8725ef2daf46b3144caa6
3126,66d8725ef2daf46b3144caa8
3129,66d8725ef2daf46b3144cac9
3131,66d8725ef2daf46b3144caca
3130,66d8725ef2daf46b3144cacb
3128,66d8725ef2daf46b3144cacc
3132,66d8725ef2daf46b3144cacd
3135,66d8725ef2daf46b3144caec
3133,66d8725ef2daf46b3144caed
3136,66d8725ef2daf46b3144caee
3137,66d8725ef2daf46b3144caef
3134,66d8725ef2daf46b3144cb08
3138,66d8725ff2daf46b3144cb0f
3142,66d8725ff2daf46b3144cb12
3141,66d8725ff2daf46b3144cb10
3139,66d8725ff2daf46b3144cb13
3140,66d8725ff2daf46b3144cb11
3146,66d8725ff2daf46b3144cb33
3143,66d8725ff2daf46b3144cb35
3145,66d8725ff2daf46b3144cb32
3147,66d8725ff2daf46b3144cb36
3144,66d8725ff2daf46b3144cb34
3151,66d8725ff2daf46b3144cb59
3148,66d8725ff2daf46b3144cb58
3152,66d8725ff2daf46b3144cb57
3150,66d8725ff2daf46b3144cb56
3149,66d8725ff2daf46b3144cb55
3155,66d8725ff2daf46b3144cb79
3157,66d8725ff2daf46b3144cb7a
3156,66d8725ff2daf46b3144cb7c
3154,66d8725ff2daf46b3144cb7f
3153,66d8725ff2daf46b3144cb78
3159,66d87260f2daf46b3144cb9d
3162,66d87260f2daf46b3144cb9f
3158,66d87260f2daf46b3144cb9c
3160,66d87260f2daf46b3144cb9e
3161,66d87260f2daf46b3144cb9b
3164,66d87260f2daf46b3144cbbe
3165,66d87260f2daf46b3144cbc0
3163,66d87260f2daf46b3144cbbf
